TimeStamps,chunk_serial,UTCTimeStamp
13726437,111090007,2025-10-01 19:09:47.667900
13727438,111090008,2025-10-01 19:09:47.701267
13728439,111090009,2025-10-01 19:09:47.734633
13729441,111090010,2025-10-01 19:09:47.768033
13730442,111090011,2025-10-01 19:09:47.801400
13731444,111090012,2025-10-01 19:09:47.834800
13732445,111090013,2025-10-01 19:09:47.868167
13733446,111090014,2025-10-01 19:09:47.901533
13734447,111090015,2025-10-01 19:09:47.934900
13735449,111090016,2025-10-01 19:09:47.968300
13736451,111090017,2025-10-01 19:09:48.001700
13737452,111090018,2025-10-01 19:09:48.035067
13738453,111090019,2025-10-01 19:09:48.068433
13739454,111090020,2025-10-01 19:09:48.101800
13740456,111090021,2025-10-01 19:09:48.135200
13741457,111090022,2025-10-01 19:09:48.168567
13742459,111090023,2025-10-01 19:09:48.201967
13743460,111090024,2025-10-01 19:09:48.235333
13744461,111090025,2025-10-01 19:09:48.268700
13745463,111090026,2025-10-01 19:09:48.302100
13746464,111090027,2025-10-01 19:09:48.335467
13747466,111090028,2025-10-01 19:09:48.368867
13748467,111090029,2025-10-01 19:09:48.402233
13749468,111090030,2025-10-01 19:09:48.435600
13750469,111090031,2025-10-01 19:09:48.468984
13751471,111090032,2025-10-01 19:09:48.502367
13752473,111090033,2025-10-01 19:09:48.535767
13753474,111090034,2025-10-01 19:09:48.569133
13754476,111090035,2025-10-01 19:09:48.602533
13755477,111090036,2025-10-01 19:09:48.635900
13756478,111090037,2025-10-01 19:09:48.669267
13757479,111090038,2025-10-01 19:09:48.702633
13758481,111090039,2025-10-01 19:09:48.736033
13759482,111090040,2025-10-01 19:09:48.769400
13760484,111090041,2025-10-01 19:09:48.802800
13761485,111090042,2025-10-01 19:09:48.836167
13762486,111090043,2025-10-01 19:09:48.869550
13763488,111090044,2025-10-01 19:09:48.902933
13764489,111090045,2025-10-01 19:09:48.936300
13765491,111090046,2025-10-01 19:09:48.969700
13766492,111090047,2025-10-01 19:09:49.003067
13767493,111090048,2025-10-01 19:09:49.036433
13768495,111090049,2025-10-01 19:09:49.069833
13769496,111090050,2025-10-01 19:09:49.103200
13770497,111090051,2025-10-01 19:09:49.136567
13771498,111090052,2025-10-01 19:09:49.169933
13772500,111090053,2025-10-01 19:09:49.203333
13773501,111090054,2025-10-01 19:09:49.236700
13774503,111090055,2025-10-01 19:09:49.270100
13775504,111090056,2025-10-01 19:09:49.303467
13776505,111090057,2025-10-01 19:09:49.336833
13777507,111090058,2025-10-01 19:09:49.370233
13778508,111090059,2025-10-01 19:09:49.403600
13779509,111090060,2025-10-01 19:09:49.436967
13780510,111090061,2025-10-01 19:09:49.470350
13781512,111090062,2025-10-01 19:09:49.503733
13782513,111090063,2025-10-01 19:09:49.537100
13783515,111090064,2025-10-01 19:09:49.570500
13784516,111090065,2025-10-01 19:09:49.603867
13785517,111090066,2025-10-01 19:09:49.637233
13786519,111090067,2025-10-01 19:09:49.670633
13787520,111090068,2025-10-01 19:09:49.704000
13788522,111090069,2025-10-01 19:09:49.737400
13789523,111090070,2025-10-01 19:09:49.770767
13790524,111090071,2025-10-01 19:09:49.804133
13791525,111090072,2025-10-01 19:09:49.837500
13792527,111090073,2025-10-01 19:09:49.870900
13793528,111090074,2025-10-01 19:09:49.904267
13794529,111090075,2025-10-01 19:09:49.937633
13795530,111090076,2025-10-01 19:09:49.971017
13796532,111090077,2025-10-01 19:09:50.004400
13797533,111090078,2025-10-01 19:09:50.037767
13798534,111090079,2025-10-01 19:09:50.071133
13799536,111090080,2025-10-01 19:09:50.104533
13800537,111090081,2025-10-01 19:09:50.137900
13801538,111090082,2025-10-01 19:09:50.171267
13802540,111090083,2025-10-01 19:09:50.204667
13803541,111090084,2025-10-01 19:09:50.238033
13804542,111090085,2025-10-01 19:09:50.271400
13805543,111090086,2025-10-01 19:09:50.304767
13806545,111090087,2025-10-01 19:09:50.338167
13807546,111090088,2025-10-01 19:09:50.371533
13808548,111090089,2025-10-01 19:09:50.404933
13809549,111090090,2025-10-01 19:09:50.438300
13810550,111090091,2025-10-01 19:09:50.471667
13811552,111090092,2025-10-01 19:09:50.505067
13812553,111090093,2025-10-01 19:09:50.538433
13813554,111090094,2025-10-01 19:09:50.571800
13814556,111090095,2025-10-01 19:09:50.605200
13815557,111090096,2025-10-01 19:09:50.638567
13816558,111090097,2025-10-01 19:09:50.671933
13817560,111090098,2025-10-01 19:09:50.705333
13818562,111090099,2025-10-01 19:09:50.738733
13819563,111090100,2025-10-01 19:09:50.772100
13820564,111090101,2025-10-01 19:09:50.805467
13821565,111090102,2025-10-01 19:09:50.838833
13822567,111090103,2025-10-01 19:09:50.872233
13823568,111090104,2025-10-01 19:09:50.905600
13824570,111090105,2025-10-01 19:09:50.939000
13825571,111090106,2025-10-01 19:09:50.972367
13826572,111090107,2025-10-01 19:09:51.005733
13827574,111090108,2025-10-01 19:09:51.039133
13828575,111090109,2025-10-01 19:09:51.072500
13829577,111090110,2025-10-01 19:09:51.105900
13830578,111090111,2025-10-01 19:09:51.139267
13831579,111090112,2025-10-01 19:09:51.172633
13832580,111090113,2025-10-01 19:09:51.206000
13833581,111090114,2025-10-01 19:09:51.239367
13834583,111090115,2025-10-01 19:09:51.272767
13835584,111090116,2025-10-01 19:09:51.306133
13836586,111090117,2025-10-01 19:09:51.339533
13837587,111090118,2025-10-01 19:09:51.372900
13838589,111090119,2025-10-01 19:09:51.406300
13839590,111090120,2025-10-01 19:09:51.439667
13840591,111090121,2025-10-01 19:09:51.473033
13841592,111090122,2025-10-01 19:09:51.506400
13842593,111090123,2025-10-01 19:09:51.539784
13843595,111090124,2025-10-01 19:09:51.573167
13844596,111090125,2025-10-01 19:09:51.606533
13845598,111090126,2025-10-01 19:09:51.639933
13846599,111090127,2025-10-01 19:09:51.673300
13847601,111090128,2025-10-01 19:09:51.706700
13848602,111090129,2025-10-01 19:09:51.740067
13849603,111090130,2025-10-01 19:09:51.773433
13850605,111090131,2025-10-01 19:09:51.806833
13851606,111090132,2025-10-01 19:09:51.840200
13852607,111090133,2025-10-01 19:09:51.873567
13853608,111090134,2025-10-01 19:09:51.906933
13854610,111090135,2025-10-01 19:09:51.940333
13855611,111090136,2025-10-01 19:09:51.973700
13856613,111090137,2025-10-01 19:09:52.007100
13857614,111090138,2025-10-01 19:09:52.040467
13858615,111090139,2025-10-01 19:09:52.073833
13859616,111090140,2025-10-01 19:09:52.107200
13860617,111090141,2025-10-01 19:09:52.140567
13861619,111090142,2025-10-01 19:09:52.173967
13862620,111090143,2025-10-01 19:09:52.207333
13863622,111090144,2025-10-01 19:09:52.240733
13864623,111090145,2025-10-01 19:09:52.274100
13865624,111090146,2025-10-01 19:09:52.307467
13866625,111090147,2025-10-01 19:09:52.340833
13867627,111090148,2025-10-01 19:09:52.374233
13868629,111090149,2025-10-01 19:09:52.407633
13869630,111090150,2025-10-01 19:09:52.441000
13870631,111090151,2025-10-01 19:09:52.474367
13871632,111090152,2025-10-01 19:09:52.507733
13872634,111090153,2025-10-01 19:09:52.541133
13873635,111090154,2025-10-01 19:09:52.574500
13874636,111090155,2025-10-01 19:09:52.607867
13875638,111090156,2025-10-01 19:09:52.641267
13876639,111090157,2025-10-01 19:09:52.674633
13877641,111090158,2025-10-01 19:09:52.708033
13878642,111090159,2025-10-01 19:09:52.741400
13879643,111090160,2025-10-01 19:09:52.774767
13880644,111090161,2025-10-01 19:09:52.808133
13881646,111090162,2025-10-01 19:09:52.841533
13882647,111090163,2025-10-01 19:09:52.874900
13883649,111090164,2025-10-01 19:09:52.908300
13884651,111090165,2025-10-01 19:09:52.941700
13885652,111090166,2025-10-01 19:09:52.975067
13886653,111090167,2025-10-01 19:09:53.008433
13887654,111090168,2025-10-01 19:09:53.041800
13888656,111090169,2025-10-01 19:09:53.075200
13889657,111090170,2025-10-01 19:09:53.108567
13890658,111090171,2025-10-01 19:09:53.141933
13891660,111090172,2025-10-01 19:09:53.175333
13892661,111090173,2025-10-01 19:09:53.208700
13893662,111090174,2025-10-01 19:09:53.242067
13894663,111090175,2025-10-01 19:09:53.275433
13895665,111090176,2025-10-01 19:09:53.308833
13896666,111090177,2025-10-01 19:09:53.342200
13897668,111090178,2025-10-01 19:09:53.375600
13898669,111090179,2025-10-01 19:09:53.408967
13899670,111090180,2025-10-01 19:09:53.442333
13900672,111090181,2025-10-01 19:09:53.475733
13901673,111090182,2025-10-01 19:09:53.509100
13902674,111090183,2025-10-01 19:09:53.542467
13903675,111090184,2025-10-01 19:09:53.575850
13904677,111090185,2025-10-01 19:09:53.609233
13905678,111090186,2025-10-01 19:09:53.642600
13906680,111090187,2025-10-01 19:09:53.676000
13907681,111090188,2025-10-01 19:09:53.709367
13908682,111090189,2025-10-01 19:09:53.742733
13909684,111090190,2025-10-01 19:09:53.776133
13910685,111090191,2025-10-01 19:09:53.809500
13911687,111090192,2025-10-01 19:09:53.842900
13912688,111090193,2025-10-01 19:09:53.876267
13913689,111090194,2025-10-01 19:09:53.909633
13914690,111090195,2025-10-01 19:09:53.943000
13915692,111090196,2025-10-01 19:09:53.976400
13916694,111090197,2025-10-01 19:09:54.009800
13917695,111090198,2025-10-01 19:09:54.043167
13918696,111090199,2025-10-01 19:09:54.076533
13919697,111090200,2025-10-01 19:09:54.109900
13920699,111090201,2025-10-01 19:09:54.143300
13921700,111090202,2025-10-01 19:09:54.176667
13922702,111090203,2025-10-01 19:09:54.210067
13923703,111090204,2025-10-01 19:09:54.243433
13924704,111090205,2025-10-01 19:09:54.276800
13925706,111090206,2025-10-01 19:09:54.310200
13926707,111090207,2025-10-01 19:09:54.343567
13927709,111090208,2025-10-01 19:09:54.376967
13928710,111090209,2025-10-01 19:09:54.410333
13929711,111090210,2025-10-01 19:09:54.443700
13930712,111090211,2025-10-01 19:09:54.477067
13931713,111090212,2025-10-01 19:09:54.510433
13932715,111090213,2025-10-01 19:09:54.543833
13933717,111090214,2025-10-01 19:09:54.577233
13934718,111090215,2025-10-01 19:09:54.610600
13935719,111090216,2025-10-01 19:09:54.643967
13936721,111090217,2025-10-01 19:09:54.677367
13937722,111090218,2025-10-01 19:09:54.710733
13938724,111090219,2025-10-01 19:09:54.744133
13939725,111090220,2025-10-01 19:09:54.777500
13940726,111090221,2025-10-01 19:09:54.810867
13941728,111090222,2025-10-01 19:09:54.844267
13942729,111090223,2025-10-01 19:09:54.877633
13943731,111090224,2025-10-01 19:09:54.911033
13944732,111090225,2025-10-01 19:09:54.944400
13945734,111090226,2025-10-01 19:09:54.977800
13946735,111090227,2025-10-01 19:09:55.011167
13947736,111090228,2025-10-01 19:09:55.044533
13948738,111090229,2025-10-01 19:09:55.077933
13949739,111090230,2025-10-01 19:09:55.111300
13950740,111090231,2025-10-01 19:09:55.144667
13951741,111090232,2025-10-01 19:09:55.178033
13952743,111090233,2025-10-01 19:09:55.211433
13953744,111090234,2025-10-01 19:09:55.244800
13954746,111090235,2025-10-01 19:09:55.278200
13955747,111090236,2025-10-01 19:09:55.311567
13956748,111090237,2025-10-01 19:09:55.344933
13957749,111090238,2025-10-01 19:09:55.378300
13958750,111090239,2025-10-01 19:09:55.411667
13959752,111090240,2025-10-01 19:09:55.445067
13960753,111090241,2025-10-01 19:09:55.478433
13961755,111090242,2025-10-01 19:09:55.511833
13962756,111090243,2025-10-01 19:09:55.545200
13963757,111090244,2025-10-01 19:09:55.578567
13964758,111090245,2025-10-01 19:09:55.611933
13965760,111090246,2025-10-01 19:09:55.645333
13966762,111090247,2025-10-01 19:09:55.678733
13967763,111090248,2025-10-01 19:09:55.712100
13968764,111090249,2025-10-01 19:09:55.745467
13969765,111090250,2025-10-01 19:09:55.778833
13970767,111090251,2025-10-01 19:09:55.812233
13971768,111090252,2025-10-01 19:09:55.845600
13972769,111090253,2025-10-01 19:09:55.878967
13973771,111090254,2025-10-01 19:09:55.912367
13974772,111090255,2025-10-01 19:09:55.945733
13975774,111090256,2025-10-01 19:09:55.979133
13976775,111090257,2025-10-01 19:09:56.012500
13977776,111090258,2025-10-01 19:09:56.045867
13978777,111090259,2025-10-01 19:09:56.079233
13979779,111090260,2025-10-01 19:09:56.112633
13980780,111090261,2025-10-01 19:09:56.146000
13981781,111090262,2025-10-01 19:09:56.179367
13982783,111090263,2025-10-01 19:09:56.212767
13983784,111090264,2025-10-01 19:09:56.246133
13984785,111090265,2025-10-01 19:09:56.279500
13985786,111090266,2025-10-01 19:09:56.312867
13986788,111090267,2025-10-01 19:09:56.346267
13987789,111090268,2025-10-01 19:09:56.379633
13988791,111090269,2025-10-01 19:09:56.413033
13989792,111090270,2025-10-01 19:09:56.446400
13990793,111090271,2025-10-01 19:09:56.479767
13991795,111090272,2025-10-01 19:09:56.513167
13992796,111090273,2025-10-01 19:09:56.546533
13993797,111090274,2025-10-01 19:09:56.579900
13994798,111090275,2025-10-01 19:09:56.613267
13995800,111090276,2025-10-01 19:09:56.646667
13996801,111090277,2025-10-01 19:09:56.680033
13997802,111090278,2025-10-01 19:09:56.713400
13998804,111090279,2025-10-01 19:09:56.746800
13999805,111090280,2025-10-01 19:09:56.780167
14000807,111090281,2025-10-01 19:09:56.813567
14001808,111090282,2025-10-01 19:09:56.846933
14002809,111090283,2025-10-01 19:09:56.880300
14003810,111090284,2025-10-01 19:09:56.913667
14004812,111090285,2025-10-01 19:09:56.947067
14005813,111090286,2025-10-01 19:09:56.980433
14006814,111090287,2025-10-01 19:09:57.013800
14007815,111090288,2025-10-01 19:09:57.047184
14008817,111090289,2025-10-01 19:09:57.080567
14009818,111090290,2025-10-01 19:09:57.113933
14010819,111090291,2025-10-01 19:09:57.147300
14011821,111090292,2025-10-01 19:09:57.180700
14012822,111090293,2025-10-01 19:09:57.214067
14013824,111090294,2025-10-01 19:09:57.247467
14014825,111090295,2025-10-01 19:09:57.280833
14015826,111090296,2025-10-01 19:09:57.314200
14016828,111090297,2025-10-01 19:09:57.347600
14017829,111090298,2025-10-01 19:09:57.380967
14018831,111090299,2025-10-01 19:09:57.414367
14019832,111090300,2025-10-01 19:09:57.447733
14020833,111090301,2025-10-01 19:09:57.481100
14021834,111090302,2025-10-01 19:09:57.514467
14022836,111090303,2025-10-01 19:09:57.547867
14023837,111090304,2025-10-01 19:09:57.581233
14024838,111090305,2025-10-01 19:09:57.614600
14025840,111090306,2025-10-01 19:09:57.648000
14026841,111090307,2025-10-01 19:09:57.681367
14027842,111090308,2025-10-01 19:09:57.714733
14028843,111090309,2025-10-01 19:09:57.748117
14029845,111090310,2025-10-01 19:09:57.781500
14030846,111090311,2025-10-01 19:09:57.814867
14031848,111090312,2025-10-01 19:09:57.848267
14032849,111090313,2025-10-01 19:09:57.881633
14033850,111090314,2025-10-01 19:09:57.915000
14034852,111090315,2025-10-01 19:09:57.948400
14035853,111090316,2025-10-01 19:09:57.981767
14036854,111090317,2025-10-01 19:09:58.015150
14037856,111090318,2025-10-01 19:09:58.048533
14038857,111090319,2025-10-01 19:09:58.081900
14039858,111090320,2025-10-01 19:09:58.115267
14040860,111090321,2025-10-01 19:09:58.148667
14041862,111090322,2025-10-01 19:09:58.182067
14042863,111090323,2025-10-01 19:09:58.215433
14043864,111090324,2025-10-01 19:09:58.248800
14044865,111090325,2025-10-01 19:09:58.282167
14045867,111090326,2025-10-01 19:09:58.315567
14046868,111090327,2025-10-01 19:09:58.348933
14047870,111090328,2025-10-01 19:09:58.382333
14048871,111090329,2025-10-01 19:09:58.415700
14049872,111090330,2025-10-01 19:09:58.449067
14050874,111090331,2025-10-01 19:09:58.482467
14051875,111090332,2025-10-01 19:09:58.515833
14052876,111090333,2025-10-01 19:09:58.549200
14053878,111090334,2025-10-01 19:09:58.582600
14054879,111090335,2025-10-01 19:09:58.615967
14055881,111090336,2025-10-01 19:09:58.649367
14056882,111090337,2025-10-01 19:09:58.682733
14057884,111090338,2025-10-01 19:09:58.716133
14058885,111090339,2025-10-01 19:09:58.749500
14059886,111090340,2025-10-01 19:09:58.782867
14060887,111090341,2025-10-01 19:09:58.816233
14061889,111090342,2025-10-01 19:09:58.849633
14062890,111090343,2025-10-01 19:09:58.883000
14063892,111090344,2025-10-01 19:09:58.916400
14064894,111090345,2025-10-01 19:09:58.949800
14065895,111090346,2025-10-01 19:09:58.983167
14066896,111090347,2025-10-01 19:09:59.016533
14067897,111090348,2025-10-01 19:09:59.049900
14068899,111090349,2025-10-01 19:09:59.083300
14069900,111090350,2025-10-01 19:09:59.116667
14070902,111090351,2025-10-01 19:09:59.150067
14071904,111090352,2025-10-01 19:09:59.183467
14072905,111090353,2025-10-01 19:09:59.216833
14073906,111090354,2025-10-01 19:09:59.250200
14074907,111090355,2025-10-01 19:09:59.283567
14075909,111090356,2025-10-01 19:09:59.316967
14076910,111090357,2025-10-01 19:09:59.350333
14077911,111090358,2025-10-01 19:09:59.383700
14078912,111090359,2025-10-01 19:09:59.417067
14079914,111090360,2025-10-01 19:09:59.450467
14080915,111090361,2025-10-01 19:09:59.483833
14081916,111090362,2025-10-01 19:09:59.517200
14082918,111090363,2025-10-01 19:09:59.550600
14083919,111090364,2025-10-01 19:09:59.583967
14084921,111090365,2025-10-01 19:09:59.617367
14085922,111090366,2025-10-01 19:09:59.650733
14086923,111090367,2025-10-01 19:09:59.684100
14087925,111090368,2025-10-01 19:09:59.717500
14088927,111090369,2025-10-01 19:09:59.750900
14089928,111090370,2025-10-01 19:09:59.784267
14090929,111090371,2025-10-01 19:09:59.817633
14091931,111090372,2025-10-01 19:09:59.851033
14092932,111090373,2025-10-01 19:09:59.884400
14093933,111090374,2025-10-01 19:09:59.917767
14094935,111090375,2025-10-01 19:09:59.951167
14095936,111090376,2025-10-01 19:09:59.984533
14096938,111090377,2025-10-01 19:10:00.017933
14097939,111090378,2025-10-01 19:10:00.051300
14098940,111090379,2025-10-01 19:10:00.084667
14099941,111090380,2025-10-01 19:10:00.118033
14100943,111090381,2025-10-01 19:10:00.151433
14101944,111090382,2025-10-01 19:10:00.184800
14102946,111090383,2025-10-01 19:10:00.218200
14103947,111090384,2025-10-01 19:10:00.251567
14104948,111090385,2025-10-01 19:10:00.284933
14105950,111090386,2025-10-01 19:10:00.318333
14106951,111090387,2025-10-01 19:10:00.351700
14107953,111090388,2025-10-01 19:10:00.385100
14108954,111090389,2025-10-01 19:10:00.418467
14109955,111090390,2025-10-01 19:10:00.451833
14110956,111090391,2025-10-01 19:10:00.485200
14111958,111090392,2025-10-01 19:10:00.518600
14112959,111090393,2025-10-01 19:10:00.551967
14113960,111090394,2025-10-01 19:10:00.585333
14114962,111090395,2025-10-01 19:10:00.618733
14115963,111090396,2025-10-01 19:10:00.652100
14116964,111090397,2025-10-01 19:10:00.685467
14117965,111090398,2025-10-01 19:10:00.718833
14118967,111090399,2025-10-01 19:10:00.752233
14119968,111090400,2025-10-01 19:10:00.785600
14120969,111090401,2025-10-01 19:10:00.818967
14121971,111090402,2025-10-01 19:10:00.852367
14122972,111090403,2025-10-01 19:10:00.885733
14123974,111090404,2025-10-01 19:10:00.919133
14124975,111090405,2025-10-01 19:10:00.952500
14125976,111090406,2025-10-01 19:10:00.985884
14126978,111090407,2025-10-01 19:10:01.019267
14127979,111090408,2025-10-01 19:10:01.052633
14128980,111090409,2025-10-01 19:10:01.086000
14129982,111090410,2025-10-01 19:10:01.119400
14130983,111090411,2025-10-01 19:10:01.152767
14131984,111090412,2025-10-01 19:10:01.186133
14132986,111090413,2025-10-01 19:10:01.219533
14133987,111090414,2025-10-01 19:10:01.252900
14134989,111090415,2025-10-01 19:10:01.286300
14135990,111090416,2025-10-01 19:10:01.319667
14136991,111090417,2025-10-01 19:10:01.353033
14137993,111090418,2025-10-01 19:10:01.386433
14138994,111090419,2025-10-01 19:10:01.419800
14139996,111090420,2025-10-01 19:10:01.453200
14140997,111090421,2025-10-01 19:10:01.486567
14141998,111090422,2025-10-01 19:10:01.519933
14142999,111090423,2025-10-01 19:10:01.553300
14144001,111090424,2025-10-01 19:10:01.586700
14145002,111090425,2025-10-01 19:10:01.620067
14146003,111090426,2025-10-01 19:10:01.653433
14147005,111090427,2025-10-01 19:10:01.686833
14148006,111090428,2025-10-01 19:10:01.720200
14149008,111090429,2025-10-01 19:10:01.753600
14150009,111090430,2025-10-01 19:10:01.786967
14151010,111090431,2025-10-01 19:10:01.820333
14152011,111090432,2025-10-01 19:10:01.853717
14153013,111090433,2025-10-01 19:10:01.887100
14154014,111090434,2025-10-01 19:10:01.920467
14155015,111090435,2025-10-01 19:10:01.953833
14156017,111090436,2025-10-01 19:10:01.987233
14157018,111090437,2025-10-01 19:10:02.020600
14158019,111090438,2025-10-01 19:10:02.053967
14159020,111090439,2025-10-01 19:10:02.087333
14160022,111090440,2025-10-01 19:10:02.120733
14161023,111090441,2025-10-01 19:10:02.154100
14162025,111090442,2025-10-01 19:10:02.187500
14163027,111090443,2025-10-01 19:10:02.220900
14164028,111090444,2025-10-01 19:10:02.254267
14165029,111090445,2025-10-01 19:10:02.287633
14166030,111090446,2025-10-01 19:10:02.321000
14167032,111090447,2025-10-01 19:10:02.354400
14168033,111090448,2025-10-01 19:10:02.387767
14169035,111090449,2025-10-01 19:10:02.421167
14170036,111090450,2025-10-01 19:10:02.454533
14171037,111090451,2025-10-01 19:10:02.487900
14172039,111090452,2025-10-01 19:10:02.521300
14173040,111090453,2025-10-01 19:10:02.554667
14174041,111090454,2025-10-01 19:10:02.588033
14175042,111090455,2025-10-01 19:10:02.621400
14176044,111090456,2025-10-01 19:10:02.654800
14177045,111090457,2025-10-01 19:10:02.688167
14178047,111090458,2025-10-01 19:10:02.721567
14179048,111090459,2025-10-01 19:10:02.754933
14180049,111090460,2025-10-01 19:10:02.788300
14181051,111090461,2025-10-01 19:10:02.821700
14182052,111090462,2025-10-01 19:10:02.855067
14183054,111090463,2025-10-01 19:10:02.888467
14184055,111090464,2025-10-01 19:10:02.921833
14185056,111090465,2025-10-01 19:10:02.955200
14186058,111090466,2025-10-01 19:10:02.988600
14187059,111090467,2025-10-01 19:10:03.021967
14188061,111090468,2025-10-01 19:10:03.055367
14189062,111090469,2025-10-01 19:10:03.088733
14190063,111090470,2025-10-01 19:10:03.122100
14191065,111090471,2025-10-01 19:10:03.155500
14192066,111090472,2025-10-01 19:10:03.188867
14193067,111090473,2025-10-01 19:10:03.222233
14194068,111090474,2025-10-01 19:10:03.255600
14195070,111090475,2025-10-01 19:10:03.289000
14196071,111090476,2025-10-01 19:10:03.322367
14197073,111090477,2025-10-01 19:10:03.355767
14198074,111090478,2025-10-01 19:10:03.389133
14199076,111090479,2025-10-01 19:10:03.422533
14200077,111090480,2025-10-01 19:10:03.455900
14201078,111090481,2025-10-01 19:10:03.489267
14202079,111090482,2025-10-01 19:10:03.522633
14203080,111090483,2025-10-01 19:10:03.556000
14204082,111090484,2025-10-01 19:10:03.589400
14205083,111090485,2025-10-01 19:10:03.622767
14206085,111090486,2025-10-01 19:10:03.656167
14207086,111090487,2025-10-01 19:10:03.689533
14208087,111090488,2025-10-01 19:10:03.722900
14209088,111090489,2025-10-01 19:10:03.756267
14210090,111090490,2025-10-01 19:10:03.789667
14211091,111090491,2025-10-01 19:10:03.823033
14212092,111090492,2025-10-01 19:10:03.856400
14213094,111090493,2025-10-01 19:10:03.889800
14214095,111090494,2025-10-01 19:10:03.923167
14215097,111090495,2025-10-01 19:10:03.956567
14216098,111090496,2025-10-01 19:10:03.989933
14217099,111090497,2025-10-01 19:10:04.023300
14218100,111090498,2025-10-01 19:10:04.056667
14219101,111090499,2025-10-01 19:10:04.090033
14220103,111090500,2025-10-01 19:10:04.123433
14221104,111090501,2025-10-01 19:10:04.156800
14222106,111090502,2025-10-01 19:10:04.190200
14223107,111090503,2025-10-01 19:10:04.223567
14224109,111090504,2025-10-01 19:10:04.256967
14225110,111090505,2025-10-01 19:10:04.290333
14226111,111090506,2025-10-01 19:10:04.323700
14227112,111090507,2025-10-01 19:10:04.357067
14228114,111090508,2025-10-01 19:10:04.390467
14229115,111090509,2025-10-01 19:10:04.423833
14230117,111090510,2025-10-01 19:10:04.457233
14231118,111090511,2025-10-01 19:10:04.490600
14232119,111090512,2025-10-01 19:10:04.523967
14233121,111090513,2025-10-01 19:10:04.557367
14234122,111090514,2025-10-01 19:10:04.590733
14235123,111090515,2025-10-01 19:10:04.624100
14236125,111090516,2025-10-01 19:10:04.657500
14237126,111090517,2025-10-01 19:10:04.690867
14238127,111090518,2025-10-01 19:10:04.724233
14239128,111090519,2025-10-01 19:10:04.757600
14240130,111090520,2025-10-01 19:10:04.791000
14241131,111090521,2025-10-01 19:10:04.824367
14242133,111090522,2025-10-01 19:10:04.857767
14243134,111090523,2025-10-01 19:10:04.891133
14244135,111090524,2025-10-01 19:10:04.924500
14245137,111090525,2025-10-01 19:10:04.957900
14246138,111090526,2025-10-01 19:10:04.991267
14247139,111090527,2025-10-01 19:10:05.024633
14248141,111090528,2025-10-01 19:10:05.058033
14249142,111090529,2025-10-01 19:10:05.091400
14250143,111090530,2025-10-01 19:10:05.124767
14251144,111090531,2025-10-01 19:10:05.158133
14252146,111090532,2025-10-01 19:10:05.191533
14253147,111090533,2025-10-01 19:10:05.224900
14254149,111090534,2025-10-01 19:10:05.258300
14255150,111090535,2025-10-01 19:10:05.291667
14256151,111090536,2025-10-01 19:10:05.325033
14257152,111090537,2025-10-01 19:10:05.358400
14258154,111090538,2025-10-01 19:10:05.391800
14259155,111090539,2025-10-01 19:10:05.425167
14260156,111090540,2025-10-01 19:10:05.458533
14261158,111090541,2025-10-01 19:10:05.491933
14262159,111090542,2025-10-01 19:10:05.525300
14263161,111090543,2025-10-01 19:10:05.558700
14264162,111090544,2025-10-01 19:10:05.592067
14265164,111090545,2025-10-01 19:10:05.625467
14266165,111090546,2025-10-01 19:10:05.658833
14267166,111090547,2025-10-01 19:10:05.692200
14268167,111090548,2025-10-01 19:10:05.725567
14269169,111090549,2025-10-01 19:10:05.758967
14270170,111090550,2025-10-01 19:10:05.792333
14271171,111090551,2025-10-01 19:10:05.825700
14272173,111090552,2025-10-01 19:10:05.859100
14273174,111090553,2025-10-01 19:10:05.892467
14274176,111090554,2025-10-01 19:10:05.925867
14275177,111090555,2025-10-01 19:10:05.959233
14276178,111090556,2025-10-01 19:10:05.992600
14277180,111090557,2025-10-01 19:10:06.026000
14278181,111090558,2025-10-01 19:10:06.059367
14279182,111090559,2025-10-01 19:10:06.092733
14280183,111090560,2025-10-01 19:10:06.126100
14281185,111090561,2025-10-01 19:10:06.159500
14282186,111090562,2025-10-01 19:10:06.192867
14283188,111090563,2025-10-01 19:10:06.226267
14284189,111090564,2025-10-01 19:10:06.259633
14285190,111090565,2025-10-01 19:10:06.293000
14286192,111090566,2025-10-01 19:10:06.326400
14287193,111090567,2025-10-01 19:10:06.359767
14288195,111090568,2025-10-01 19:10:06.393167
14289196,111090569,2025-10-01 19:10:06.426533
14290197,111090570,2025-10-01 19:10:06.459900
14291199,111090571,2025-10-01 19:10:06.493300
14292200,111090572,2025-10-01 19:10:06.526667
14293201,111090573,2025-10-01 19:10:06.560033
14294203,111090574,2025-10-01 19:10:06.593433
14295204,111090575,2025-10-01 19:10:06.626800
14296205,111090576,2025-10-01 19:10:06.660167
14297207,111090577,2025-10-01 19:10:06.693567
14298208,111090578,2025-10-01 19:10:06.726933
14299210,111090579,2025-10-01 19:10:06.760333
14300211,111090580,2025-10-01 19:10:06.793700
14301212,111090581,2025-10-01 19:10:06.827067
14302214,111090582,2025-10-01 19:10:06.860467
14303215,111090583,2025-10-01 19:10:06.893833
14304216,111090584,2025-10-01 19:10:06.927200
14305218,111090585,2025-10-01 19:10:06.960600
14306219,111090586,2025-10-01 19:10:06.993967
14307220,111090587,2025-10-01 19:10:07.027333
14308222,111090588,2025-10-01 19:10:07.060733
14309223,111090589,2025-10-01 19:10:07.094100
14310224,111090590,2025-10-01 19:10:07.127467
14311226,111090591,2025-10-01 19:10:07.160867
14312227,111090592,2025-10-01 19:10:07.194233
14313229,111090593,2025-10-01 19:10:07.227633
14314230,111090594,2025-10-01 19:10:07.261000
14315231,111090595,2025-10-01 19:10:07.294367
14316232,111090596,2025-10-01 19:10:07.327733
14317234,111090597,2025-10-01 19:10:07.361133
14318235,111090598,2025-10-01 19:10:07.394500
14319236,111090599,2025-10-01 19:10:07.427867
14320238,111090600,2025-10-01 19:10:07.461267
14321239,111090601,2025-10-01 19:10:07.494633
14322240,111090602,2025-10-01 19:10:07.528000
14323241,111090603,2025-10-01 19:10:07.561367
14324243,111090604,2025-10-01 19:10:07.594767
14325244,111090605,2025-10-01 19:10:07.628133
14326246,111090606,2025-10-01 19:10:07.661533
14327247,111090607,2025-10-01 19:10:07.694900
14328249,111090608,2025-10-01 19:10:07.728300
14329250,111090609,2025-10-01 19:10:07.761667
14330251,111090610,2025-10-01 19:10:07.795033
14331253,111090611,2025-10-01 19:10:07.828433
14332254,111090612,2025-10-01 19:10:07.861800
14333255,111090613,2025-10-01 19:10:07.895167
14334257,111090614,2025-10-01 19:10:07.928567
14335258,111090615,2025-10-01 19:10:07.961933
14336259,111090616,2025-10-01 19:10:07.995300
14337260,111090617,2025-10-01 19:10:08.028684
14338262,111090618,2025-10-01 19:10:08.062067
14339263,111090619,2025-10-01 19:10:08.095433
14340265,111090620,2025-10-01 19:10:08.128833
14341266,111090621,2025-10-01 19:10:08.162200
14342268,111090622,2025-10-01 19:10:08.195600
14343269,111090623,2025-10-01 19:10:08.228967
14344270,111090624,2025-10-01 19:10:08.262333
14345271,111090625,2025-10-01 19:10:08.295700
14346272,111090626,2025-10-01 19:10:08.329067
14347274,111090627,2025-10-01 19:10:08.362467
14348275,111090628,2025-10-01 19:10:08.395833
14349277,111090629,2025-10-01 19:10:08.429233
14350278,111090630,2025-10-01 19:10:08.462600
14351279,111090631,2025-10-01 19:10:08.495967
14352280,111090632,2025-10-01 19:10:08.529333
14353281,111090633,2025-10-01 19:10:08.562700
14354283,111090634,2025-10-01 19:10:08.596100
14355284,111090635,2025-10-01 19:10:08.629467
14356286,111090636,2025-10-01 19:10:08.662867
14357287,111090637,2025-10-01 19:10:08.696233
14358288,111090638,2025-10-01 19:10:08.729600
14359290,111090639,2025-10-01 19:10:08.763000
14360291,111090640,2025-10-01 19:10:08.796367
14361293,111090641,2025-10-01 19:10:08.829767
14362294,111090642,2025-10-01 19:10:08.863133
14363295,111090643,2025-10-01 19:10:08.896500
14364296,111090644,2025-10-01 19:10:08.929867
14365298,111090645,2025-10-01 19:10:08.963267
14366299,111090646,2025-10-01 19:10:08.996633
14367300,111090647,2025-10-01 19:10:09.030000
14368302,111090648,2025-10-01 19:10:09.063400
14369303,111090649,2025-10-01 19:10:09.096767
14370305,111090650,2025-10-01 19:10:09.130167
14371306,111090651,2025-10-01 19:10:09.163533
14372307,111090652,2025-10-01 19:10:09.196917
14373309,111090653,2025-10-01 19:10:09.230300
14374310,111090654,2025-10-01 19:10:09.263667
14375312,111090655,2025-10-01 19:10:09.297067
14376313,111090656,2025-10-01 19:10:09.330433
14377315,111090657,2025-10-01 19:10:09.363833
14378316,111090658,2025-10-01 19:10:09.397200
14379317,111090659,2025-10-01 19:10:09.430567
14380318,111090660,2025-10-01 19:10:09.463933
14381320,111090661,2025-10-01 19:10:09.497333
14382321,111090662,2025-10-01 19:10:09.530700
14383322,111090663,2025-10-01 19:10:09.564067
14384323,111090664,2025-10-01 19:10:09.597433
14385324,111090665,2025-10-01 19:10:09.630800
14386326,111090666,2025-10-01 19:10:09.664200
14387327,111090667,2025-10-01 19:10:09.697567
14388329,111090668,2025-10-01 19:10:09.730967
14389330,111090669,2025-10-01 19:10:09.764333
14390331,111090670,2025-10-01 19:10:09.797700
14391333,111090671,2025-10-01 19:10:09.831100
14392334,111090672,2025-10-01 19:10:09.864467
14393336,111090673,2025-10-01 19:10:09.897867
14394337,111090674,2025-10-01 19:10:09.931233
14395339,111090675,2025-10-01 19:10:09.964633
14396340,111090676,2025-10-01 19:10:09.998000
14397341,111090677,2025-10-01 19:10:10.031367
14398342,111090678,2025-10-01 19:10:10.064733
14399343,111090679,2025-10-01 19:10:10.098100
14400345,111090680,2025-10-01 19:10:10.131500
14401346,111090681,2025-10-01 19:10:10.164867
14402348,111090682,2025-10-01 19:10:10.198267
14403349,111090683,2025-10-01 19:10:10.231633
14404351,111090684,2025-10-01 19:10:10.265033
14405352,111090685,2025-10-01 19:10:10.298400
14406353,111090686,2025-10-01 19:10:10.331767
14407354,111090687,2025-10-01 19:10:10.365150
14408356,111090688,2025-10-01 19:10:10.398533
14409357,111090689,2025-10-01 19:10:10.431900
14410358,111090690,2025-10-01 19:10:10.465267
14411360,111090691,2025-10-01 19:10:10.498667
14412361,111090692,2025-10-01 19:10:10.532033
14413363,111090693,2025-10-01 19:10:10.565433
14414364,111090694,2025-10-01 19:10:10.598800
14415366,111090695,2025-10-01 19:10:10.632200
14416367,111090696,2025-10-01 19:10:10.665567
14417368,111090697,2025-10-01 19:10:10.698933
14418370,111090698,2025-10-01 19:10:10.732333
14419371,111090699,2025-10-01 19:10:10.765700
14420373,111090700,2025-10-01 19:10:10.799100
14421374,111090701,2025-10-01 19:10:10.832467
14422376,111090702,2025-10-01 19:10:10.865867
14423377,111090703,2025-10-01 19:10:10.899233
14424378,111090704,2025-10-01 19:10:10.932600
14425380,111090705,2025-10-01 19:10:10.966000
14426381,111090706,2025-10-01 19:10:10.999367
14427382,111090707,2025-10-01 19:10:11.032733
14428383,111090708,2025-10-01 19:10:11.066100
14429385,111090709,2025-10-01 19:10:11.099500
14430386,111090710,2025-10-01 19:10:11.132867
14431388,111090711,2025-10-01 19:10:11.166267
14432390,111090712,2025-10-01 19:10:11.199667
14433391,111090713,2025-10-01 19:10:11.233033
14434392,111090714,2025-10-01 19:10:11.266400
14435393,111090715,2025-10-01 19:10:11.299767
14436395,111090716,2025-10-01 19:10:11.333167
14437396,111090717,2025-10-01 19:10:11.366533
14438398,111090718,2025-10-01 19:10:11.399933
14439399,111090719,2025-10-01 19:10:11.433300
14440400,111090720,2025-10-01 19:10:11.466667
14441402,111090721,2025-10-01 19:10:11.500067
14442403,111090722,2025-10-01 19:10:11.533433
14443405,111090723,2025-10-01 19:10:11.566833
14444406,111090724,2025-10-01 19:10:11.600200
14445407,111090725,2025-10-01 19:10:11.633567
14446408,111090726,2025-10-01 19:10:11.666933
14447410,111090727,2025-10-01 19:10:11.700333
14448411,111090728,2025-10-01 19:10:11.733700
14449413,111090729,2025-10-01 19:10:11.767100
14450414,111090730,2025-10-01 19:10:11.800467
14451415,111090731,2025-10-01 19:10:11.833833
14452417,111090732,2025-10-01 19:10:11.867233
14453418,111090733,2025-10-01 19:10:11.900600
14454420,111090734,2025-10-01 19:10:11.934000
14455421,111090735,2025-10-01 19:10:11.967367
14456422,111090736,2025-10-01 19:10:12.000733
14457424,111090737,2025-10-01 19:10:12.034133
14458425,111090738,2025-10-01 19:10:12.067500
14459426,111090739,2025-10-01 19:10:12.100867
14460427,111090740,2025-10-01 19:10:12.134233
14461429,111090741,2025-10-01 19:10:12.167633
14462430,111090742,2025-10-01 19:10:12.201000
14463432,111090743,2025-10-01 19:10:12.234400
14464433,111090744,2025-10-01 19:10:12.267767
14465434,111090745,2025-10-01 19:10:12.301133
14466436,111090746,2025-10-01 19:10:12.334533
14467437,111090747,2025-10-01 19:10:12.367900
14468438,111090748,2025-10-01 19:10:12.401267
14469439,111090749,2025-10-01 19:10:12.434633
14470441,111090750,2025-10-01 19:10:12.468033
14471442,111090751,2025-10-01 19:10:12.501400
14472443,111090752,2025-10-01 19:10:12.534767
14473445,111090753,2025-10-01 19:10:12.568167
14474446,111090754,2025-10-01 19:10:12.601533
14475448,111090755,2025-10-01 19:10:12.634933
14476449,111090756,2025-10-01 19:10:12.668300
14477450,111090757,2025-10-01 19:10:12.701667
14478451,111090758,2025-10-01 19:10:12.735033
14479453,111090759,2025-10-01 19:10:12.768433
14480454,111090760,2025-10-01 19:10:12.801800
14481456,111090761,2025-10-01 19:10:12.835200
14482457,111090762,2025-10-01 19:10:12.868567
14483458,111090763,2025-10-01 19:10:12.901933
14484460,111090764,2025-10-01 19:10:12.935333
14485461,111090765,2025-10-01 19:10:12.968700
14486463,111090766,2025-10-01 19:10:13.002100
14487464,111090767,2025-10-01 19:10:13.035467
14488465,111090768,2025-10-01 19:10:13.068833
14489466,111090769,2025-10-01 19:10:13.102200
14490468,111090770,2025-10-01 19:10:13.135600
14491470,111090771,2025-10-01 19:10:13.169000
14492471,111090772,2025-10-01 19:10:13.202367
14493472,111090773,2025-10-01 19:10:13.235733
14494473,111090774,2025-10-01 19:10:13.269100
14495475,111090775,2025-10-01 19:10:13.302500
14496476,111090776,2025-10-01 19:10:13.335867
14497478,111090777,2025-10-01 19:10:13.369267
14498479,111090778,2025-10-01 19:10:13.402633
14499480,111090779,2025-10-01 19:10:13.436000
14500482,111090780,2025-10-01 19:10:13.469400
14501483,111090781,2025-10-01 19:10:13.502767
14502485,111090782,2025-10-01 19:10:13.536167
14503486,111090783,2025-10-01 19:10:13.569533
14504487,111090784,2025-10-01 19:10:13.602900
14505489,111090785,2025-10-01 19:10:13.636300
14506490,111090786,2025-10-01 19:10:13.669667
14507492,111090787,2025-10-01 19:10:13.703067
14508493,111090788,2025-10-01 19:10:13.736433
14509494,111090789,2025-10-01 19:10:13.769800
14510496,111090790,2025-10-01 19:10:13.803200
14511497,111090791,2025-10-01 19:10:13.836567
14512498,111090792,2025-10-01 19:10:13.869933
14513499,111090793,2025-10-01 19:10:13.903300
14514501,111090794,2025-10-01 19:10:13.936700
14515502,111090795,2025-10-01 19:10:13.970067
14516503,111090796,2025-10-01 19:10:14.003433
14517504,111090797,2025-10-01 19:10:14.036800
14518506,111090798,2025-10-01 19:10:14.070200
14519507,111090799,2025-10-01 19:10:14.103567
14520508,111090800,2025-10-01 19:10:14.136933
14521510,111090801,2025-10-01 19:10:14.170333
14522511,111090802,2025-10-01 19:10:14.203700
14523512,111090803,2025-10-01 19:10:14.237067
14524513,111090804,2025-10-01 19:10:14.270433
14525515,111090805,2025-10-01 19:10:14.303833
14526516,111090806,2025-10-01 19:10:14.337200
14527518,111090807,2025-10-01 19:10:14.370600
14528519,111090808,2025-10-01 19:10:14.403967
14529520,111090809,2025-10-01 19:10:14.437333
14530522,111090810,2025-10-01 19:10:14.470733
14531523,111090811,2025-10-01 19:10:14.504100
14532525,111090812,2025-10-01 19:10:14.537500
14533526,111090813,2025-10-01 19:10:14.570867
14534528,111090814,2025-10-01 19:10:14.604267
14535529,111090815,2025-10-01 19:10:14.637633
14536530,111090816,2025-10-01 19:10:14.671000
14537532,111090817,2025-10-01 19:10:14.704400
14538533,111090818,2025-10-01 19:10:14.737767
14539534,111090819,2025-10-01 19:10:14.771133
14540535,111090820,2025-10-01 19:10:14.804500
14541537,111090821,2025-10-01 19:10:14.837900
14542538,111090822,2025-10-01 19:10:14.871267
14543539,111090823,2025-10-01 19:10:14.904633
14544540,111090824,2025-10-01 19:10:14.938000
14545542,111090825,2025-10-01 19:10:14.971400
14546543,111090826,2025-10-01 19:10:15.004767
14547545,111090827,2025-10-01 19:10:15.038167
14548546,111090828,2025-10-01 19:10:15.071533
14549547,111090829,2025-10-01 19:10:15.104900
14550549,111090830,2025-10-01 19:10:15.138300
14551550,111090831,2025-10-01 19:10:15.171667
14552552,111090832,2025-10-01 19:10:15.205067
14553553,111090833,2025-10-01 19:10:15.238433
14554554,111090834,2025-10-01 19:10:15.271800
14555555,111090835,2025-10-01 19:10:15.305167
14556556,111090836,2025-10-01 19:10:15.338533
14557558,111090837,2025-10-01 19:10:15.371933
14558559,111090838,2025-10-01 19:10:15.405300
14559561,111090839,2025-10-01 19:10:15.438700
14560562,111090840,2025-10-01 19:10:15.472067
14561564,111090841,2025-10-01 19:10:15.505467
14562565,111090842,2025-10-01 19:10:15.538833
14563566,111090843,2025-10-01 19:10:15.572200
14564568,111090844,2025-10-01 19:10:15.605600
14565569,111090845,2025-10-01 19:10:15.638967
14566571,111090846,2025-10-01 19:10:15.672367
14567572,111090847,2025-10-01 19:10:15.705733
14568573,111090848,2025-10-01 19:10:15.739100
14569574,111090849,2025-10-01 19:10:15.772467
14570576,111090850,2025-10-01 19:10:15.805867
14571577,111090851,2025-10-01 19:10:15.839233
14572578,111090852,2025-10-01 19:10:15.872600
14573580,111090853,2025-10-01 19:10:15.906000
14574581,111090854,2025-10-01 19:10:15.939367
14575583,111090855,2025-10-01 19:10:15.972767
14576584,111090856,2025-10-01 19:10:16.006133
14577586,111090857,2025-10-01 19:10:16.039533
14578587,111090858,2025-10-01 19:10:16.072900
14579588,111090859,2025-10-01 19:10:16.106267
14580590,111090860,2025-10-01 19:10:16.139667
14581591,111090861,2025-10-01 19:10:16.173033
14582593,111090862,2025-10-01 19:10:16.206433
14583594,111090863,2025-10-01 19:10:16.239800
14584595,111090864,2025-10-01 19:10:16.273167
14585596,111090865,2025-10-01 19:10:16.306550
14586598,111090866,2025-10-01 19:10:16.339933
14587599,111090867,2025-10-01 19:10:16.373300
14588601,111090868,2025-10-01 19:10:16.406700
14589602,111090869,2025-10-01 19:10:16.440067
14590603,111090870,2025-10-01 19:10:16.473433
14591605,111090871,2025-10-01 19:10:16.506833
14592606,111090872,2025-10-01 19:10:16.540200
14593607,111090873,2025-10-01 19:10:16.573567
14594609,111090874,2025-10-01 19:10:16.606967
14595610,111090875,2025-10-01 19:10:16.640333
14596611,111090876,2025-10-01 19:10:16.673700
14597612,111090877,2025-10-01 19:10:16.707067
14598614,111090878,2025-10-01 19:10:16.740467
14599615,111090879,2025-10-01 19:10:16.773833
14600617,111090880,2025-10-01 19:10:16.807233
14601618,111090881,2025-10-01 19:10:16.840600
14602619,111090882,2025-10-01 19:10:16.873967
14603620,111090883,2025-10-01 19:10:16.907333
14604622,111090884,2025-10-01 19:10:16.940733
14605624,111090885,2025-10-01 19:10:16.974133
14606625,111090886,2025-10-01 19:10:17.007500
14607626,111090887,2025-10-01 19:10:17.040867
14608627,111090888,2025-10-01 19:10:17.074233
14609629,111090889,2025-10-01 19:10:17.107633
14610630,111090890,2025-10-01 19:10:17.141000
14611631,111090891,2025-10-01 19:10:17.174367
14612633,111090892,2025-10-01 19:10:17.207767
14613634,111090893,2025-10-01 19:10:17.241133
14614636,111090894,2025-10-01 19:10:17.274533
14615637,111090895,2025-10-01 19:10:17.307900
14616638,111090896,2025-10-01 19:10:17.341267
14617639,111090897,2025-10-01 19:10:17.374633
14618641,111090898,2025-10-01 19:10:17.408033
14619642,111090899,2025-10-01 19:10:17.441400
14620643,111090900,2025-10-01 19:10:17.474767
14621645,111090901,2025-10-01 19:10:17.508167
14622646,111090902,2025-10-01 19:10:17.541533
14623648,111090903,2025-10-01 19:10:17.574933
14624649,111090904,2025-10-01 19:10:17.608300
14625651,111090905,2025-10-01 19:10:17.641700
14626652,111090906,2025-10-01 19:10:17.675067
14627653,111090907,2025-10-01 19:10:17.708433
14628655,111090908,2025-10-01 19:10:17.741833
14629656,111090909,2025-10-01 19:10:17.775200
14630658,111090910,2025-10-01 19:10:17.808600
14631659,111090911,2025-10-01 19:10:17.841967
14632660,111090912,2025-10-01 19:10:17.875333
14633661,111090913,2025-10-01 19:10:17.908700
14634663,111090914,2025-10-01 19:10:17.942100
14635664,111090915,2025-10-01 19:10:17.975467
14636666,111090916,2025-10-01 19:10:18.008867
14637667,111090917,2025-10-01 19:10:18.042233
14638668,111090918,2025-10-01 19:10:18.075600
14639670,111090919,2025-10-01 19:10:18.109000
14640671,111090920,2025-10-01 19:10:18.142367
14641673,111090921,2025-10-01 19:10:18.175767
14642674,111090922,2025-10-01 19:10:18.209133
14643675,111090923,2025-10-01 19:10:18.242500
14644677,111090924,2025-10-01 19:10:18.275900
14645678,111090925,2025-10-01 19:10:18.309267
14646680,111090926,2025-10-01 19:10:18.342667
14647681,111090927,2025-10-01 19:10:18.376033
14648683,111090928,2025-10-01 19:10:18.409433
14649684,111090929,2025-10-01 19:10:18.442800
14650685,111090930,2025-10-01 19:10:18.476167
14651686,111090931,2025-10-01 19:10:18.509533
14652687,111090932,2025-10-01 19:10:18.542900
14653689,111090933,2025-10-01 19:10:18.576300
14654690,111090934,2025-10-01 19:10:18.609667
14655691,111090935,2025-10-01 19:10:18.643033
14656692,111090936,2025-10-01 19:10:18.676400
14657694,111090937,2025-10-01 19:10:18.709800
14658695,111090938,2025-10-01 19:10:18.743167
14659697,111090939,2025-10-01 19:10:18.776567
14660698,111090940,2025-10-01 19:10:18.809933
14661699,111090941,2025-10-01 19:10:18.843300
14662701,111090942,2025-10-01 19:10:18.876700
14663702,111090943,2025-10-01 19:10:18.910067
14664704,111090944,2025-10-01 19:10:18.943467
14665705,111090945,2025-10-01 19:10:18.976833
14666707,111090946,2025-10-01 19:10:19.010233
14667708,111090947,2025-10-01 19:10:19.043600
14668709,111090948,2025-10-01 19:10:19.076967
14669711,111090949,2025-10-01 19:10:19.110367
14670712,111090950,2025-10-01 19:10:19.143733
14671714,111090951,2025-10-01 19:10:19.177133
14672715,111090952,2025-10-01 19:10:19.210500
14673716,111090953,2025-10-01 19:10:19.243867
14674717,111090954,2025-10-01 19:10:19.277250
14675719,111090955,2025-10-01 19:10:19.310633
14676720,111090956,2025-10-01 19:10:19.344000
14677721,111090957,2025-10-01 19:10:19.377367
14678723,111090958,2025-10-01 19:10:19.410767
14679724,111090959,2025-10-01 19:10:19.444133
14680726,111090960,2025-10-01 19:10:19.477533
14681727,111090961,2025-10-01 19:10:19.510900
14682728,111090962,2025-10-01 19:10:19.544267
14683729,111090963,2025-10-01 19:10:19.577633
14684731,111090964,2025-10-01 19:10:19.611033
14685732,111090965,2025-10-01 19:10:19.644400
14686733,111090966,2025-10-01 19:10:19.677767
14687735,111090967,2025-10-01 19:10:19.711167
14688736,111090968,2025-10-01 19:10:19.744533
14689738,111090969,2025-10-01 19:10:19.777933
14690739,111090970,2025-10-01 19:10:19.811300
14691740,111090971,2025-10-01 19:10:19.844667
14692741,111090972,2025-10-01 19:10:19.878033
14693742,111090973,2025-10-01 19:10:19.911400
14694744,111090974,2025-10-01 19:10:19.944800
14695745,111090975,2025-10-01 19:10:19.978167
14696746,111090976,2025-10-01 19:10:20.011533
14697747,111090977,2025-10-01 19:10:20.044900
14698749,111090978,2025-10-01 19:10:20.078300
14699750,111090979,2025-10-01 19:10:20.111667
14700751,111090980,2025-10-01 19:10:20.145033
14701753,111090981,2025-10-01 19:10:20.178433
14702754,111090982,2025-10-01 19:10:20.211800
14703755,111090983,2025-10-01 19:10:20.245167
14704756,111090984,2025-10-01 19:10:20.278533
14705758,111090985,2025-10-01 19:10:20.311933
14706759,111090986,2025-10-01 19:10:20.345300
14707761,111090987,2025-10-01 19:10:20.378700
14708762,111090988,2025-10-01 19:10:20.412067
14709763,111090989,2025-10-01 19:10:20.445433
14710765,111090990,2025-10-01 19:10:20.478833
14711766,111090991,2025-10-01 19:10:20.512200
14712767,111090992,2025-10-01 19:10:20.545567
14713768,111090993,2025-10-01 19:10:20.578950
14714770,111090994,2025-10-01 19:10:20.612333
14715771,111090995,2025-10-01 19:10:20.645700
14716773,111090996,2025-10-01 19:10:20.679100
14717774,111090997,2025-10-01 19:10:20.712467
14718775,111090998,2025-10-01 19:10:20.745833
14719777,111090999,2025-10-01 19:10:20.779233
14720778,111091000,2025-10-01 19:10:20.812600
14721780,111091001,2025-10-01 19:10:20.846000
14722781,111091002,2025-10-01 19:10:20.879367
14723782,111091003,2025-10-01 19:10:20.912733
14724784,111091004,2025-10-01 19:10:20.946133
14725785,111091005,2025-10-01 19:10:20.979500
14726786,111091006,2025-10-01 19:10:21.012867
14727787,111091007,2025-10-01 19:10:21.046233
14728789,111091008,2025-10-01 19:10:21.079633
14729790,111091009,2025-10-01 19:10:21.113000
14730792,111091010,2025-10-01 19:10:21.146400
14731793,111091011,2025-10-01 19:10:21.179767
14732795,111091012,2025-10-01 19:10:21.213167
14733796,111091013,2025-10-01 19:10:21.246533
14734797,111091014,2025-10-01 19:10:21.279900
14735799,111091015,2025-10-01 19:10:21.313300
14736800,111091016,2025-10-01 19:10:21.346667
14737802,111091017,2025-10-01 19:10:21.380067
14738803,111091018,2025-10-01 19:10:21.413433
14739805,111091019,2025-10-01 19:10:21.446833
14740806,111091020,2025-10-01 19:10:21.480200
14741807,111091021,2025-10-01 19:10:21.513567
14742809,111091022,2025-10-01 19:10:21.546967
14743810,111091023,2025-10-01 19:10:21.580333
14744811,111091024,2025-10-01 19:10:21.613700
14745812,111091025,2025-10-01 19:10:21.647067
14746814,111091026,2025-10-01 19:10:21.680467
14747815,111091027,2025-10-01 19:10:21.713833
14748816,111091028,2025-10-01 19:10:21.747200
14749817,111091029,2025-10-01 19:10:21.780567
14750819,111091030,2025-10-01 19:10:21.813967
14751821,111091031,2025-10-01 19:10:21.847367
14752822,111091032,2025-10-01 19:10:21.880733
14753824,111091033,2025-10-01 19:10:21.914133
14754825,111091034,2025-10-01 19:10:21.947500
14755826,111091035,2025-10-01 19:10:21.980867
14756827,111091036,2025-10-01 19:10:22.014233
14757829,111091037,2025-10-01 19:10:22.047633
14758830,111091038,2025-10-01 19:10:22.081000
14759831,111091039,2025-10-01 19:10:22.114367
14760833,111091040,2025-10-01 19:10:22.147767
14761834,111091041,2025-10-01 19:10:22.181133
14762835,111091042,2025-10-01 19:10:22.214517
14763837,111091043,2025-10-01 19:10:22.247900
14764838,111091044,2025-10-01 19:10:22.281267
14765839,111091045,2025-10-01 19:10:22.314633
14766841,111091046,2025-10-01 19:10:22.348033
14767843,111091047,2025-10-01 19:10:22.381433
14768844,111091048,2025-10-01 19:10:22.414800
14769845,111091049,2025-10-01 19:10:22.448167
14770846,111091050,2025-10-01 19:10:22.481533
14771848,111091051,2025-10-01 19:10:22.514933
14772849,111091052,2025-10-01 19:10:22.548300
14773851,111091053,2025-10-01 19:10:22.581700
14774852,111091054,2025-10-01 19:10:22.615067
14775854,111091055,2025-10-01 19:10:22.648467
14776855,111091056,2025-10-01 19:10:22.681833
14777856,111091057,2025-10-01 19:10:22.715200
14778858,111091058,2025-10-01 19:10:22.748600
14779859,111091059,2025-10-01 19:10:22.781967
14780860,111091060,2025-10-01 19:10:22.815333
14781861,111091061,2025-10-01 19:10:22.848700
14782863,111091062,2025-10-01 19:10:22.882100
14783865,111091063,2025-10-01 19:10:22.915500
14784866,111091064,2025-10-01 19:10:22.948867
14785868,111091065,2025-10-01 19:10:22.982267
14786869,111091066,2025-10-01 19:10:23.015633
14787870,111091067,2025-10-01 19:10:23.049000
14788871,111091068,2025-10-01 19:10:23.082367
14789873,111091069,2025-10-01 19:10:23.115767
14790874,111091070,2025-10-01 19:10:23.149133
14791876,111091071,2025-10-01 19:10:23.182533
14792877,111091072,2025-10-01 19:10:23.215900
14793878,111091073,2025-10-01 19:10:23.249267
14794879,111091074,2025-10-01 19:10:23.282633
14795881,111091075,2025-10-01 19:10:23.316033
14796882,111091076,2025-10-01 19:10:23.349400
14797883,111091077,2025-10-01 19:10:23.382767
14798885,111091078,2025-10-01 19:10:23.416167
14799886,111091079,2025-10-01 19:10:23.449533
14800887,111091080,2025-10-01 19:10:23.482900
14801889,111091081,2025-10-01 19:10:23.516300
14802890,111091082,2025-10-01 19:10:23.549667
14803892,111091083,2025-10-01 19:10:23.583067
14804893,111091084,2025-10-01 19:10:23.616433
14805894,111091085,2025-10-01 19:10:23.649800
14806895,111091086,2025-10-01 19:10:23.683167
14807897,111091087,2025-10-01 19:10:23.716567
14808898,111091088,2025-10-01 19:10:23.749933
14809899,111091089,2025-10-01 19:10:23.783300
14810901,111091090,2025-10-01 19:10:23.816700
14811902,111091091,2025-10-01 19:10:23.850067
14812904,111091092,2025-10-01 19:10:23.883467
14813905,111091093,2025-10-01 19:10:23.916833
14814907,111091094,2025-10-01 19:10:23.950233
14815908,111091095,2025-10-01 19:10:23.983600
14816909,111091096,2025-10-01 19:10:24.016967
14817911,111091097,2025-10-01 19:10:24.050367
14818912,111091098,2025-10-01 19:10:24.083733
14819914,111091099,2025-10-01 19:10:24.117133
14820915,111091100,2025-10-01 19:10:24.150500
14821916,111091101,2025-10-01 19:10:24.183867
14822918,111091102,2025-10-01 19:10:24.217267
14823919,111091103,2025-10-01 19:10:24.250633
14824920,111091104,2025-10-01 19:10:24.284017
14825922,111091105,2025-10-01 19:10:24.317400
14826923,111091106,2025-10-01 19:10:24.350767
14827924,111091107,2025-10-01 19:10:24.384133
14828926,111091108,2025-10-01 19:10:24.417533
14829927,111091109,2025-10-01 19:10:24.450900
14830929,111091110,2025-10-01 19:10:24.484300
14831930,111091111,2025-10-01 19:10:24.517667
14832931,111091112,2025-10-01 19:10:24.551050
14833933,111091113,2025-10-01 19:10:24.584433
14834934,111091114,2025-10-01 19:10:24.617800
14835936,111091115,2025-10-01 19:10:24.651200
14836937,111091116,2025-10-01 19:10:24.684567
14837939,111091117,2025-10-01 19:10:24.717967
14838940,111091118,2025-10-01 19:10:24.751333
14839941,111091119,2025-10-01 19:10:24.784700
14840943,111091120,2025-10-01 19:10:24.818100
14841944,111091121,2025-10-01 19:10:24.851467
14842946,111091122,2025-10-01 19:10:24.884867
14843947,111091123,2025-10-01 19:10:24.918233
14844948,111091124,2025-10-01 19:10:24.951600
14845949,111091125,2025-10-01 19:10:24.984967
14846951,111091126,2025-10-01 19:10:25.018367
14847952,111091127,2025-10-01 19:10:25.051733
14848954,111091128,2025-10-01 19:10:25.085133
14849956,111091129,2025-10-01 19:10:25.118533
14850957,111091130,2025-10-01 19:10:25.151900
14851958,111091131,2025-10-01 19:10:25.185267
14852959,111091132,2025-10-01 19:10:25.218633
14853961,111091133,2025-10-01 19:10:25.252033
14854962,111091134,2025-10-01 19:10:25.285400
14855963,111091135,2025-10-01 19:10:25.318767
14856965,111091136,2025-10-01 19:10:25.352167
14857966,111091137,2025-10-01 19:10:25.385533
14858968,111091138,2025-10-01 19:10:25.418933
14859969,111091139,2025-10-01 19:10:25.452300
14860970,111091140,2025-10-01 19:10:25.485667
14861972,111091141,2025-10-01 19:10:25.519067
14862973,111091142,2025-10-01 19:10:25.552433
14863974,111091143,2025-10-01 19:10:25.585800
14864976,111091144,2025-10-01 19:10:25.619200
14865977,111091145,2025-10-01 19:10:25.652567
14866978,111091146,2025-10-01 19:10:25.685933
14867979,111091147,2025-10-01 19:10:25.719300
14868980,111091148,2025-10-01 19:10:25.752667
14869982,111091149,2025-10-01 19:10:25.786067
14870983,111091150,2025-10-01 19:10:25.819433
14871985,111091151,2025-10-01 19:10:25.852833
14872986,111091152,2025-10-01 19:10:25.886200
14873987,111091153,2025-10-01 19:10:25.919567
14874989,111091154,2025-10-01 19:10:25.952967
14875990,111091155,2025-10-01 19:10:25.986333
14876991,111091156,2025-10-01 19:10:26.019717
14877993,111091157,2025-10-01 19:10:26.053100
14878994,111091158,2025-10-01 19:10:26.086467
14879995,111091159,2025-10-01 19:10:26.119833
14880997,111091160,2025-10-01 19:10:26.153233
14881998,111091161,2025-10-01 19:10:26.186617
14883000,111091162,2025-10-01 19:10:26.220000
14884001,111091163,2025-10-01 19:10:26.253367
14885002,111091164,2025-10-01 19:10:26.286733
14886004,111091165,2025-10-01 19:10:26.320133
14887005,111091166,2025-10-01 19:10:26.353500
14888007,111091167,2025-10-01 19:10:26.386900
14889008,111091168,2025-10-01 19:10:26.420267
14890009,111091169,2025-10-01 19:10:26.453633
14891010,111091170,2025-10-01 19:10:26.487000
14892011,111091171,2025-10-01 19:10:26.520384
14893013,111091172,2025-10-01 19:10:26.553767
14894014,111091173,2025-10-01 19:10:26.587133
14895016,111091174,2025-10-01 19:10:26.620533
14896017,111091175,2025-10-01 19:10:26.653900
14897019,111091176,2025-10-01 19:10:26.687300
14898020,111091177,2025-10-01 19:10:26.720667
14899021,111091178,2025-10-01 19:10:26.754033
14900023,111091179,2025-10-01 19:10:26.787433
14901024,111091180,2025-10-01 19:10:26.820800
14902025,111091181,2025-10-01 19:10:26.854167
14903026,111091182,2025-10-01 19:10:26.887533
14904028,111091183,2025-10-01 19:10:26.920933
14905029,111091184,2025-10-01 19:10:26.954300
14906030,111091185,2025-10-01 19:10:26.987667
14907032,111091186,2025-10-01 19:10:27.021067
14908033,111091187,2025-10-01 19:10:27.054433
14909035,111091188,2025-10-01 19:10:27.087833
14910036,111091189,2025-10-01 19:10:27.121200
14911037,111091190,2025-10-01 19:10:27.154567
14912038,111091191,2025-10-01 19:10:27.187933
14913040,111091192,2025-10-01 19:10:27.221333
14914041,111091193,2025-10-01 19:10:27.254700
14915042,111091194,2025-10-01 19:10:27.288067
14916044,111091195,2025-10-01 19:10:27.321467
14917045,111091196,2025-10-01 19:10:27.354833
14918047,111091197,2025-10-01 19:10:27.388233
14919048,111091198,2025-10-01 19:10:27.421600
14920050,111091199,2025-10-01 19:10:27.455000
14921051,111091200,2025-10-01 19:10:27.488367
14922052,111091201,2025-10-01 19:10:27.521733
14923054,111091202,2025-10-01 19:10:27.555133
14924055,111091203,2025-10-01 19:10:27.588500
14925056,111091204,2025-10-01 19:10:27.621867
14926057,111091205,2025-10-01 19:10:27.655233
14927059,111091206,2025-10-01 19:10:27.688633
14928060,111091207,2025-10-01 19:10:27.722000
14929062,111091208,2025-10-01 19:10:27.755400
14930063,111091209,2025-10-01 19:10:27.788767
14931064,111091210,2025-10-01 19:10:27.822133
14932066,111091211,2025-10-01 19:10:27.855533
14933067,111091212,2025-10-01 19:10:27.888900
14934069,111091213,2025-10-01 19:10:27.922300
14935070,111091214,2025-10-01 19:10:27.955667
14936071,111091215,2025-10-01 19:10:27.989033
14937072,111091216,2025-10-01 19:10:28.022400
14938074,111091217,2025-10-01 19:10:28.055800
14939075,111091218,2025-10-01 19:10:28.089167
14940076,111091219,2025-10-01 19:10:28.122533
14941078,111091220,2025-10-01 19:10:28.155933
14942079,111091221,2025-10-01 19:10:28.189300
14943080,111091222,2025-10-01 19:10:28.222667
14944081,111091223,2025-10-01 19:10:28.256033
14945083,111091224,2025-10-01 19:10:28.289433
14946084,111091225,2025-10-01 19:10:28.322800
14947085,111091226,2025-10-01 19:10:28.356167
14948087,111091227,2025-10-01 19:10:28.389567
14949088,111091228,2025-10-01 19:10:28.422933
14950089,111091229,2025-10-01 19:10:28.456300
14951090,111091230,2025-10-01 19:10:28.489667
14952092,111091231,2025-10-01 19:10:28.523067
14953093,111091232,2025-10-01 19:10:28.556433
14954095,111091233,2025-10-01 19:10:28.589833
14955096,111091234,2025-10-01 19:10:28.623200
14956097,111091235,2025-10-01 19:10:28.656567
14957099,111091236,2025-10-01 19:10:28.689967
14958100,111091237,2025-10-01 19:10:28.723333
14959102,111091238,2025-10-01 19:10:28.756733
14960103,111091239,2025-10-01 19:10:28.790100
14961104,111091240,2025-10-01 19:10:28.823467
14962105,111091241,2025-10-01 19:10:28.856833
14963107,111091242,2025-10-01 19:10:28.890233
14964109,111091243,2025-10-01 19:10:28.923633
14965110,111091244,2025-10-01 19:10:28.957000
14966111,111091245,2025-10-01 19:10:28.990367
14967112,111091246,2025-10-01 19:10:29.023733
14968114,111091247,2025-10-01 19:10:29.057133
14969115,111091248,2025-10-01 19:10:29.090500
14970117,111091249,2025-10-01 19:10:29.123900
14971118,111091250,2025-10-01 19:10:29.157267
14972119,111091251,2025-10-01 19:10:29.190633
14973121,111091252,2025-10-01 19:10:29.224033
14974122,111091253,2025-10-01 19:10:29.257400
14975123,111091254,2025-10-01 19:10:29.290784
14976125,111091255,2025-10-01 19:10:29.324167
14977126,111091256,2025-10-01 19:10:29.357533
14978127,111091257,2025-10-01 19:10:29.390900
14979129,111091258,2025-10-01 19:10:29.424300
14980130,111091259,2025-10-01 19:10:29.457667
14981132,111091260,2025-10-01 19:10:29.491067
14982133,111091261,2025-10-01 19:10:29.524433
14983134,111091262,2025-10-01 19:10:29.557800
14984136,111091263,2025-10-01 19:10:29.591200
14985137,111091264,2025-10-01 19:10:29.624567
14986138,111091265,2025-10-01 19:10:29.657933
14987140,111091266,2025-10-01 19:10:29.691333
14988141,111091267,2025-10-01 19:10:29.724700
14989142,111091268,2025-10-01 19:10:29.758067
14990143,111091269,2025-10-01 19:10:29.791433
14991145,111091270,2025-10-01 19:10:29.824833
14992146,111091271,2025-10-01 19:10:29.858200
14993147,111091272,2025-10-01 19:10:29.891567
14994148,111091273,2025-10-01 19:10:29.924950
14995150,111091274,2025-10-01 19:10:29.958333
14996151,111091275,2025-10-01 19:10:29.991700
14997153,111091276,2025-10-01 19:10:30.025100
14998154,111091277,2025-10-01 19:10:30.058467
14999155,111091278,2025-10-01 19:10:30.091833
15000157,111091279,2025-10-01 19:10:30.125233
15001158,111091280,2025-10-01 19:10:30.158600
15002160,111091281,2025-10-01 19:10:30.192000
15003161,111091282,2025-10-01 19:10:30.225367
15004162,111091283,2025-10-01 19:10:30.258733
15005163,111091284,2025-10-01 19:10:30.292100
15006164,111091285,2025-10-01 19:10:30.325467
15007166,111091286,2025-10-01 19:10:30.358867
15008167,111091287,2025-10-01 19:10:30.392233
15009169,111091288,2025-10-01 19:10:30.425633
15010170,111091289,2025-10-01 19:10:30.459000
15011171,111091290,2025-10-01 19:10:30.492367
15012172,111091291,2025-10-01 19:10:30.525733
15013174,111091292,2025-10-01 19:10:30.559133
15014176,111091293,2025-10-01 19:10:30.592533
15015177,111091294,2025-10-01 19:10:30.625900
15016178,111091295,2025-10-01 19:10:30.659267
15017179,111091296,2025-10-01 19:10:30.692633
15018181,111091297,2025-10-01 19:10:30.726033
15019182,111091298,2025-10-01 19:10:30.759400
15020183,111091299,2025-10-01 19:10:30.792767
15021185,111091300,2025-10-01 19:10:30.826167
15022186,111091301,2025-10-01 19:10:30.859533
15023188,111091302,2025-10-01 19:10:30.892933
15024189,111091303,2025-10-01 19:10:30.926300
15025191,111091304,2025-10-01 19:10:30.959700
15026192,111091305,2025-10-01 19:10:30.993067
15027193,111091306,2025-10-01 19:10:31.026433
15028194,111091307,2025-10-01 19:10:31.059800
15029195,111091308,2025-10-01 19:10:31.093167
15030197,111091309,2025-10-01 19:10:31.126567
15031198,111091310,2025-10-01 19:10:31.159933
15032200,111091311,2025-10-01 19:10:31.193333
15033201,111091312,2025-10-01 19:10:31.226700
15034203,111091313,2025-10-01 19:10:31.260100
15035204,111091314,2025-10-01 19:10:31.293467
15036205,111091315,2025-10-01 19:10:31.326833
15037206,111091316,2025-10-01 19:10:31.360200
15038208,111091317,2025-10-01 19:10:31.393600
15039210,111091318,2025-10-01 19:10:31.427000
15040211,111091319,2025-10-01 19:10:31.460367
15041212,111091320,2025-10-01 19:10:31.493733
15042213,111091321,2025-10-01 19:10:31.527100
15043215,111091322,2025-10-01 19:10:31.560500
15044216,111091323,2025-10-01 19:10:31.593867
15045217,111091324,2025-10-01 19:10:31.627233
15046219,111091325,2025-10-01 19:10:31.660633
15047220,111091326,2025-10-01 19:10:31.694000
15048222,111091327,2025-10-01 19:10:31.727400
15049223,111091328,2025-10-01 19:10:31.760767
15050225,111091329,2025-10-01 19:10:31.794167
15051226,111091330,2025-10-01 19:10:31.827533
15052227,111091331,2025-10-01 19:10:31.860900
15053228,111091332,2025-10-01 19:10:31.894267
15054229,111091333,2025-10-01 19:10:31.927633
15055231,111091334,2025-10-01 19:10:31.961033
15056232,111091335,2025-10-01 19:10:31.994400
15057234,111091336,2025-10-01 19:10:32.027800
15058235,111091337,2025-10-01 19:10:32.061167
15059237,111091338,2025-10-01 19:10:32.094567
15060238,111091339,2025-10-01 19:10:32.127933
15061239,111091340,2025-10-01 19:10:32.161300
15062241,111091341,2025-10-01 19:10:32.194700
15063242,111091342,2025-10-01 19:10:32.228067
15064244,111091343,2025-10-01 19:10:32.261467
15065245,111091344,2025-10-01 19:10:32.294833
15066246,111091345,2025-10-01 19:10:32.328200
15067247,111091346,2025-10-01 19:10:32.361567
15068249,111091347,2025-10-01 19:10:32.394967
15069250,111091348,2025-10-01 19:10:32.428333
15070252,111091349,2025-10-01 19:10:32.461733
15071253,111091350,2025-10-01 19:10:32.495100
15072254,111091351,2025-10-01 19:10:32.528467
15073256,111091352,2025-10-01 19:10:32.561867
15074257,111091353,2025-10-01 19:10:32.595233
15075259,111091354,2025-10-01 19:10:32.628633
15076260,111091355,2025-10-01 19:10:32.662000
15077261,111091356,2025-10-01 19:10:32.695367
15078262,111091357,2025-10-01 19:10:32.728733
15079264,111091358,2025-10-01 19:10:32.762133
15080265,111091359,2025-10-01 19:10:32.795500
15081266,111091360,2025-10-01 19:10:32.828867
15082268,111091361,2025-10-01 19:10:32.862267
15083269,111091362,2025-10-01 19:10:32.895633
15084270,111091363,2025-10-01 19:10:32.929000
15085271,111091364,2025-10-01 19:10:32.962367
15086273,111091365,2025-10-01 19:10:32.995767
15087274,111091366,2025-10-01 19:10:33.029133
15088275,111091367,2025-10-01 19:10:33.062500
15089277,111091368,2025-10-01 19:10:33.095900
15090278,111091369,2025-10-01 19:10:33.129267
15091280,111091370,2025-10-01 19:10:33.162667
15092281,111091371,2025-10-01 19:10:33.196033
15093282,111091372,2025-10-01 19:10:33.229400
15094283,111091373,2025-10-01 19:10:33.262767
15095285,111091374,2025-10-01 19:10:33.296167
15096287,111091375,2025-10-01 19:10:33.329567
15097288,111091376,2025-10-01 19:10:33.362933
15098289,111091377,2025-10-01 19:10:33.396300
15099290,111091378,2025-10-01 19:10:33.429667
15100292,111091379,2025-10-01 19:10:33.463067
15101293,111091380,2025-10-01 19:10:33.496433
15102295,111091381,2025-10-01 19:10:33.529833
15103296,111091382,2025-10-01 19:10:33.563200
15104297,111091383,2025-10-01 19:10:33.596567
15105299,111091384,2025-10-01 19:10:33.629967
15106300,111091385,2025-10-01 19:10:33.663333
15107302,111091386,2025-10-01 19:10:33.696733
15108303,111091387,2025-10-01 19:10:33.730100
15109304,111091388,2025-10-01 19:10:33.763467
15110305,111091389,2025-10-01 19:10:33.796833
15111307,111091390,2025-10-01 19:10:33.830233
15112308,111091391,2025-10-01 19:10:33.863600
15113309,111091392,2025-10-01 19:10:33.896967
15114311,111091393,2025-10-01 19:10:33.930367
15115312,111091394,2025-10-01 19:10:33.963733
15116314,111091395,2025-10-01 19:10:33.997133
15117315,111091396,2025-10-01 19:10:34.030500
15118316,111091397,2025-10-01 19:10:34.063867
15119317,111091398,2025-10-01 19:10:34.097233
15120319,111091399,2025-10-01 19:10:34.130633
15121320,111091400,2025-10-01 19:10:34.164000
15122321,111091401,2025-10-01 19:10:34.197367
15123323,111091402,2025-10-01 19:10:34.230767
15124324,111091403,2025-10-01 19:10:34.264133
15125325,111091404,2025-10-01 19:10:34.297500
15126326,111091405,2025-10-01 19:10:34.330867
15127328,111091406,2025-10-01 19:10:34.364267
15128329,111091407,2025-10-01 19:10:34.397633
15129330,111091408,2025-10-01 19:10:34.431000
15130332,111091409,2025-10-01 19:10:34.464400
15131333,111091410,2025-10-01 19:10:34.497767
15132335,111091411,2025-10-01 19:10:34.531167
15133336,111091412,2025-10-01 19:10:34.564533
15134338,111091413,2025-10-01 19:10:34.597933
15135339,111091414,2025-10-01 19:10:34.631300
15136340,111091415,2025-10-01 19:10:34.664667
15137342,111091416,2025-10-01 19:10:34.698067
15138343,111091417,2025-10-01 19:10:34.731433
15139345,111091418,2025-10-01 19:10:34.764833
15140346,111091419,2025-10-01 19:10:34.798200
15141347,111091420,2025-10-01 19:10:34.831567
15142348,111091421,2025-10-01 19:10:34.864933
15143350,111091422,2025-10-01 19:10:34.898333
15144351,111091423,2025-10-01 19:10:34.931700
15145352,111091424,2025-10-01 19:10:34.965067
15146354,111091425,2025-10-01 19:10:34.998467
15147355,111091426,2025-10-01 19:10:35.031833
15148356,111091427,2025-10-01 19:10:35.065200
15149358,111091428,2025-10-01 19:10:35.098600
15150359,111091429,2025-10-01 19:10:35.131967
15151360,111091430,2025-10-01 19:10:35.165333
15152361,111091431,2025-10-01 19:10:35.198700
15153363,111091432,2025-10-01 19:10:35.232100
15154364,111091433,2025-10-01 19:10:35.265467
15155366,111091434,2025-10-01 19:10:35.298867
15156367,111091435,2025-10-01 19:10:35.332233
15157369,111091436,2025-10-01 19:10:35.365633
15158370,111091437,2025-10-01 19:10:35.399000
15159371,111091438,2025-10-01 19:10:35.432367
15160372,111091439,2025-10-01 19:10:35.465733
15161374,111091440,2025-10-01 19:10:35.499133
15162375,111091441,2025-10-01 19:10:35.532500
15163377,111091442,2025-10-01 19:10:35.565900
15164378,111091443,2025-10-01 19:10:35.599267
15165379,111091444,2025-10-01 19:10:35.632633
15166381,111091445,2025-10-01 19:10:35.666033
15167382,111091446,2025-10-01 19:10:35.699400
15168383,111091447,2025-10-01 19:10:35.732767
15169385,111091448,2025-10-01 19:10:35.766167
15170386,111091449,2025-10-01 19:10:35.799533
15171387,111091450,2025-10-01 19:10:35.832900
15172388,111091451,2025-10-01 19:10:35.866284
15173390,111091452,2025-10-01 19:10:35.899667
15174391,111091453,2025-10-01 19:10:35.933033
15175392,111091454,2025-10-01 19:10:35.966400
15176394,111091455,2025-10-01 19:10:35.999800
15177395,111091456,2025-10-01 19:10:36.033167
15178396,111091457,2025-10-01 19:10:36.066533
15179397,111091458,2025-10-01 19:10:36.099900
15180399,111091459,2025-10-01 19:10:36.133300
15181400,111091460,2025-10-01 19:10:36.166667
15182402,111091461,2025-10-01 19:10:36.200067
15183403,111091462,2025-10-01 19:10:36.233433
15184404,111091463,2025-10-01 19:10:36.266800
15185405,111091464,2025-10-01 19:10:36.300167
15186407,111091465,2025-10-01 19:10:36.333567
15187409,111091466,2025-10-01 19:10:36.366967
15188410,111091467,2025-10-01 19:10:36.400333
15189411,111091468,2025-10-01 19:10:36.433700
15190412,111091469,2025-10-01 19:10:36.467067
15191414,111091470,2025-10-01 19:10:36.500467
15192415,111091471,2025-10-01 19:10:36.533833
15193416,111091472,2025-10-01 19:10:36.567200
15194418,111091473,2025-10-01 19:10:36.600600
15195419,111091474,2025-10-01 19:10:36.633967
15196421,111091475,2025-10-01 19:10:36.667367
15197422,111091476,2025-10-01 19:10:36.700733
15198423,111091477,2025-10-01 19:10:36.734100
15199424,111091478,2025-10-01 19:10:36.767467
15200426,111091479,2025-10-01 19:10:36.800867
15201427,111091480,2025-10-01 19:10:36.834233
15202428,111091481,2025-10-01 19:10:36.867600
15203430,111091482,2025-10-01 19:10:36.901000
15204431,111091483,2025-10-01 19:10:36.934367
15205433,111091484,2025-10-01 19:10:36.967767
15206434,111091485,2025-10-01 19:10:37.001133
15207435,111091486,2025-10-01 19:10:37.034500
15208436,111091487,2025-10-01 19:10:37.067867
15209438,111091488,2025-10-01 19:10:37.101267
15210440,111091489,2025-10-01 19:10:37.134667
15211441,111091490,2025-10-01 19:10:37.168033
15212442,111091491,2025-10-01 19:10:37.201400
15213443,111091492,2025-10-01 19:10:37.234767
15214445,111091493,2025-10-01 19:10:37.268167
15215446,111091494,2025-10-01 19:10:37.301533
15216448,111091495,2025-10-01 19:10:37.334933
15217449,111091496,2025-10-01 19:10:37.368300
15218450,111091497,2025-10-01 19:10:37.401667
15219452,111091498,2025-10-01 19:10:37.435067
15220453,111091499,2025-10-01 19:10:37.468433
15221454,111091500,2025-10-01 19:10:37.501800
15222455,111091501,2025-10-01 19:10:37.535167
15223457,111091502,2025-10-01 19:10:37.568567
15224458,111091503,2025-10-01 19:10:37.601933
15225460,111091504,2025-10-01 19:10:37.635333
15226461,111091505,2025-10-01 19:10:37.668700
15227462,111091506,2025-10-01 19:10:37.702067
15228464,111091507,2025-10-01 19:10:37.735467
15229465,111091508,2025-10-01 19:10:37.768833
15230467,111091509,2025-10-01 19:10:37.802233
15231468,111091510,2025-10-01 19:10:37.835600
15232470,111091511,2025-10-01 19:10:37.869000
15233471,111091512,2025-10-01 19:10:37.902367
15234472,111091513,2025-10-01 19:10:37.935733
15235473,111091514,2025-10-01 19:10:37.969117
15236475,111091515,2025-10-01 19:10:38.002500
15237476,111091516,2025-10-01 19:10:38.035867
15238477,111091517,2025-10-01 19:10:38.069233
15239479,111091518,2025-10-01 19:10:38.102633
15240480,111091519,2025-10-01 19:10:38.136000
15241481,111091520,2025-10-01 19:10:38.169367
15242482,111091521,2025-10-01 19:10:38.202733
15243483,111091522,2025-10-01 19:10:38.236100
15244485,111091523,2025-10-01 19:10:38.269500
15245486,111091524,2025-10-01 19:10:38.302867
15246488,111091525,2025-10-01 19:10:38.336267
15247489,111091526,2025-10-01 19:10:38.369633
15248490,111091527,2025-10-01 19:10:38.403000
15249492,111091528,2025-10-01 19:10:38.436400
15250493,111091529,2025-10-01 19:10:38.469767
15251495,111091530,2025-10-01 19:10:38.503167
15252496,111091531,2025-10-01 19:10:38.536533
15253498,111091532,2025-10-01 19:10:38.569933
15254499,111091533,2025-10-01 19:10:38.603300
15255500,111091534,2025-10-01 19:10:38.636667
15256501,111091535,2025-10-01 19:10:38.670033
15257503,111091536,2025-10-01 19:10:38.703433
15258504,111091537,2025-10-01 19:10:38.736800
15259505,111091538,2025-10-01 19:10:38.770167
15260507,111091539,2025-10-01 19:10:38.803567
15261508,111091540,2025-10-01 19:10:38.836933
15262510,111091541,2025-10-01 19:10:38.870333
15263511,111091542,2025-10-01 19:10:38.903700
15264513,111091543,2025-10-01 19:10:38.937100
15265514,111091544,2025-10-01 19:10:38.970467
15266515,111091545,2025-10-01 19:10:39.003833
15267516,111091546,2025-10-01 19:10:39.037200
15268517,111091547,2025-10-01 19:10:39.070567
15269519,111091548,2025-10-01 19:10:39.103967
15270520,111091549,2025-10-01 19:10:39.137333
15271522,111091550,2025-10-01 19:10:39.170733
15272523,111091551,2025-10-01 19:10:39.204100
15273524,111091552,2025-10-01 19:10:39.237467
15274525,111091553,2025-10-01 19:10:39.270833
15275527,111091554,2025-10-01 19:10:39.304233
15276528,111091555,2025-10-01 19:10:39.337600
15277529,111091556,2025-10-01 19:10:39.370967
15278531,111091557,2025-10-01 19:10:39.404367
15279532,111091558,2025-10-01 19:10:39.437733
15280534,111091559,2025-10-01 19:10:39.471133
15281535,111091560,2025-10-01 19:10:39.504500
15282536,111091561,2025-10-01 19:10:39.537867
15283537,111091562,2025-10-01 19:10:39.571233
15284539,111091563,2025-10-01 19:10:39.604633
15285541,111091564,2025-10-01 19:10:39.638033
15286542,111091565,2025-10-01 19:10:39.671400
15287543,111091566,2025-10-01 19:10:39.704767
15288544,111091567,2025-10-01 19:10:39.738133
15289546,111091568,2025-10-01 19:10:39.771533
15290547,111091569,2025-10-01 19:10:39.804900
15291549,111091570,2025-10-01 19:10:39.838300
15292550,111091571,2025-10-01 19:10:39.871667
15293552,111091572,2025-10-01 19:10:39.905067
15294553,111091573,2025-10-01 19:10:39.938433
15295554,111091574,2025-10-01 19:10:39.971800
15296556,111091575,2025-10-01 19:10:40.005200
15297557,111091576,2025-10-01 19:10:40.038567
15298559,111091577,2025-10-01 19:10:40.071967
15299560,111091578,2025-10-01 19:10:40.105333
15300561,111091579,2025-10-01 19:10:40.138700
15301563,111091580,2025-10-01 19:10:40.172100
15302564,111091581,2025-10-01 19:10:40.205467
15303566,111091582,2025-10-01 19:10:40.238867
15304567,111091583,2025-10-01 19:10:40.272233
15305568,111091584,2025-10-01 19:10:40.305600
15306569,111091585,2025-10-01 19:10:40.338967
15307571,111091586,2025-10-01 19:10:40.372367
15308573,111091587,2025-10-01 19:10:40.405767
15309574,111091588,2025-10-01 19:10:40.439133
15310575,111091589,2025-10-01 19:10:40.472500
15311576,111091590,2025-10-01 19:10:40.505867
15312578,111091591,2025-10-01 19:10:40.539267
15313579,111091592,2025-10-01 19:10:40.572633
15314581,111091593,2025-10-01 19:10:40.606033
15315582,111091594,2025-10-01 19:10:40.639400
15316584,111091595,2025-10-01 19:10:40.672800
15317585,111091596,2025-10-01 19:10:40.706167
15318586,111091597,2025-10-01 19:10:40.739533
15319588,111091598,2025-10-01 19:10:40.772933
15320589,111091599,2025-10-01 19:10:40.806300
15321591,111091600,2025-10-01 19:10:40.839700
15322592,111091601,2025-10-01 19:10:40.873067
15323593,111091602,2025-10-01 19:10:40.906433
15324595,111091603,2025-10-01 19:10:40.939833
15325596,111091604,2025-10-01 19:10:40.973200
15326598,111091605,2025-10-01 19:10:41.006600
15327599,111091606,2025-10-01 19:10:41.039967
15328600,111091607,2025-10-01 19:10:41.073333
15329601,111091608,2025-10-01 19:10:41.106700
15330603,111091609,2025-10-01 19:10:41.140100
15331604,111091610,2025-10-01 19:10:41.173467
15332605,111091611,2025-10-01 19:10:41.206833
15333607,111091612,2025-10-01 19:10:41.240233
15334608,111091613,2025-10-01 19:10:41.273600
15335610,111091614,2025-10-01 19:10:41.307000
15336611,111091615,2025-10-01 19:10:41.340367
15337612,111091616,2025-10-01 19:10:41.373733
15338613,111091617,2025-10-01 19:10:41.407100
15339615,111091618,2025-10-01 19:10:41.440500
15340616,111091619,2025-10-01 19:10:41.473867
15341617,111091620,2025-10-01 19:10:41.507233
15342619,111091621,2025-10-01 19:10:41.540633
15343620,111091622,2025-10-01 19:10:41.574000
15344621,111091623,2025-10-01 19:10:41.607367
15345623,111091624,2025-10-01 19:10:41.640767
15346624,111091625,2025-10-01 19:10:41.674133
15347625,111091626,2025-10-01 19:10:41.707500
15348626,111091627,2025-10-01 19:10:41.740867
15349628,111091628,2025-10-01 19:10:41.774267
15350629,111091629,2025-10-01 19:10:41.807633
15351631,111091630,2025-10-01 19:10:41.841033
15352632,111091631,2025-10-01 19:10:41.874400
15353633,111091632,2025-10-01 19:10:41.907767
15354634,111091633,2025-10-01 19:10:41.941133
15355636,111091634,2025-10-01 19:10:41.974533
15356637,111091635,2025-10-01 19:10:42.007900
15357638,111091636,2025-10-01 19:10:42.041267
15358639,111091637,2025-10-01 19:10:42.074650
15359641,111091638,2025-10-01 19:10:42.108033
15360642,111091639,2025-10-01 19:10:42.141400
15361643,111091640,2025-10-01 19:10:42.174767
15362645,111091641,2025-10-01 19:10:42.208167
15363646,111091642,2025-10-01 19:10:42.241533
15364648,111091643,2025-10-01 19:10:42.274933
15365649,111091644,2025-10-01 19:10:42.308300
15366650,111091645,2025-10-01 19:10:42.341667
15367652,111091646,2025-10-01 19:10:42.375067
15368653,111091647,2025-10-01 19:10:42.408433
15369655,111091648,2025-10-01 19:10:42.441833
15370656,111091649,2025-10-01 19:10:42.475200
15371657,111091650,2025-10-01 19:10:42.508567
15372658,111091651,2025-10-01 19:10:42.541933
15373660,111091652,2025-10-01 19:10:42.575333
15374661,111091653,2025-10-01 19:10:42.608700
15375662,111091654,2025-10-01 19:10:42.642067
15376664,111091655,2025-10-01 19:10:42.675467
15377665,111091656,2025-10-01 19:10:42.708833
15378667,111091657,2025-10-01 19:10:42.742233
15379668,111091658,2025-10-01 19:10:42.775600
15380669,111091659,2025-10-01 19:10:42.808984
15381671,111091660,2025-10-01 19:10:42.842367
15382673,111091661,2025-10-01 19:10:42.875767
15383674,111091662,2025-10-01 19:10:42.909133
15384675,111091663,2025-10-01 19:10:42.942500
15385677,111091664,2025-10-01 19:10:42.975900
15386678,111091665,2025-10-01 19:10:43.009267
15387680,111091666,2025-10-01 19:10:43.042667
15388681,111091667,2025-10-01 19:10:43.076033
15389682,111091668,2025-10-01 19:10:43.109400
15390684,111091669,2025-10-01 19:10:43.142800
15391685,111091670,2025-10-01 19:10:43.176167
15392686,111091671,2025-10-01 19:10:43.209550
15393688,111091672,2025-10-01 19:10:43.242933
15394689,111091673,2025-10-01 19:10:43.276300
15395690,111091674,2025-10-01 19:10:43.309667
15396692,111091675,2025-10-01 19:10:43.343067
15397693,111091676,2025-10-01 19:10:43.376433
15398695,111091677,2025-10-01 19:10:43.409833
15399696,111091678,2025-10-01 19:10:43.443200
15400697,111091679,2025-10-01 19:10:43.476567
15401699,111091680,2025-10-01 19:10:43.509967
15402700,111091681,2025-10-01 19:10:43.543333
15403701,111091682,2025-10-01 19:10:43.576717
15404703,111091683,2025-10-01 19:10:43.610100
15405704,111091684,2025-10-01 19:10:43.643467
15406706,111091685,2025-10-01 19:10:43.676867
15407707,111091686,2025-10-01 19:10:43.710233
15408708,111091687,2025-10-01 19:10:43.743600
15409709,111091688,2025-10-01 19:10:43.776967
15410711,111091689,2025-10-01 19:10:43.810367
15411712,111091690,2025-10-01 19:10:43.843733
15412714,111091691,2025-10-01 19:10:43.877133
15413715,111091692,2025-10-01 19:10:43.910500
15414716,111091693,2025-10-01 19:10:43.943867
15415718,111091694,2025-10-01 19:10:43.977267
15416719,111091695,2025-10-01 19:10:44.010633
15417720,111091696,2025-10-01 19:10:44.044000
15418722,111091697,2025-10-01 19:10:44.077400
15419723,111091698,2025-10-01 19:10:44.110767
15420724,111091699,2025-10-01 19:10:44.144133
15421725,111091700,2025-10-01 19:10:44.177500
15422727,111091701,2025-10-01 19:10:44.210900
15423728,111091702,2025-10-01 19:10:44.244267
15424730,111091703,2025-10-01 19:10:44.277667
15425731,111091704,2025-10-01 19:10:44.311033
15426732,111091705,2025-10-01 19:10:44.344400
15427734,111091706,2025-10-01 19:10:44.377800
15428735,111091707,2025-10-01 19:10:44.411167
15429736,111091708,2025-10-01 19:10:44.444533
15430737,111091709,2025-10-01 19:10:44.477900
15431739,111091710,2025-10-01 19:10:44.511300
15432740,111091711,2025-10-01 19:10:44.544667
15433742,111091712,2025-10-01 19:10:44.578067
15434743,111091713,2025-10-01 19:10:44.611433
15435745,111091714,2025-10-01 19:10:44.644833
15436746,111091715,2025-10-01 19:10:44.678200
15437747,111091716,2025-10-01 19:10:44.711567
15438749,111091717,2025-10-01 19:10:44.744967
15439750,111091718,2025-10-01 19:10:44.778333
15440752,111091719,2025-10-01 19:10:44.811733
15441753,111091720,2025-10-01 19:10:44.845100
15442754,111091721,2025-10-01 19:10:44.878467
15443755,111091722,2025-10-01 19:10:44.911833
15444757,111091723,2025-10-01 19:10:44.945233
15445758,111091724,2025-10-01 19:10:44.978600
15446760,111091725,2025-10-01 19:10:45.012000
15447761,111091726,2025-10-01 19:10:45.045367
15448762,111091727,2025-10-01 19:10:45.078733
15449764,111091728,2025-10-01 19:10:45.112133
15450765,111091729,2025-10-01 19:10:45.145500
15451767,111091730,2025-10-01 19:10:45.178900
15452768,111091731,2025-10-01 19:10:45.212267
15453769,111091732,2025-10-01 19:10:45.245633
15454771,111091733,2025-10-01 19:10:45.279033
15455772,111091734,2025-10-01 19:10:45.312400
15456774,111091735,2025-10-01 19:10:45.345800
15457775,111091736,2025-10-01 19:10:45.379167
15458777,111091737,2025-10-01 19:10:45.412567
15459778,111091738,2025-10-01 19:10:45.445933
15460779,111091739,2025-10-01 19:10:45.479300
15461781,111091740,2025-10-01 19:10:45.512700
15462782,111091741,2025-10-01 19:10:45.546067
15463784,111091742,2025-10-01 19:10:45.579467
15464785,111091743,2025-10-01 19:10:45.612833
15465787,111091744,2025-10-01 19:10:45.646233
15466788,111091745,2025-10-01 19:10:45.679600
15467789,111091746,2025-10-01 19:10:45.712967
15468790,111091747,2025-10-01 19:10:45.746333
15469792,111091748,2025-10-01 19:10:45.779733
15470793,111091749,2025-10-01 19:10:45.813100
15471795,111091750,2025-10-01 19:10:45.846500
15472796,111091751,2025-10-01 19:10:45.879867
15473797,111091752,2025-10-01 19:10:45.913233
15474799,111091753,2025-10-01 19:10:45.946633
15475800,111091754,2025-10-01 19:10:45.980000
15476802,111091755,2025-10-01 19:10:46.013400
15477803,111091756,2025-10-01 19:10:46.046767
15478804,111091757,2025-10-01 19:10:46.080133
15479806,111091758,2025-10-01 19:10:46.113533
15480807,111091759,2025-10-01 19:10:46.146900
15481808,111091760,2025-10-01 19:10:46.180267
15482809,111091761,2025-10-01 19:10:46.213633
15483811,111091762,2025-10-01 19:10:46.247033
15484812,111091763,2025-10-01 19:10:46.280400
15485813,111091764,2025-10-01 19:10:46.313767
15486815,111091765,2025-10-01 19:10:46.347167
15487816,111091766,2025-10-01 19:10:46.380533
15488818,111091767,2025-10-01 19:10:46.413933
15489819,111091768,2025-10-01 19:10:46.447300
15490820,111091769,2025-10-01 19:10:46.480667
15491821,111091770,2025-10-01 19:10:46.514033
15492823,111091771,2025-10-01 19:10:46.547433
15493824,111091772,2025-10-01 19:10:46.580800
15494825,111091773,2025-10-01 19:10:46.614167
15495827,111091774,2025-10-01 19:10:46.647567
15496828,111091775,2025-10-01 19:10:46.680933
15497830,111091776,2025-10-01 19:10:46.714333
15498831,111091777,2025-10-01 19:10:46.747700
15499832,111091778,2025-10-01 19:10:46.781067
15500833,111091779,2025-10-01 19:10:46.814433
15501835,111091780,2025-10-01 19:10:46.847833
15502836,111091781,2025-10-01 19:10:46.881200
15503838,111091782,2025-10-01 19:10:46.914600
15504839,111091783,2025-10-01 19:10:46.947967
15505840,111091784,2025-10-01 19:10:46.981333
15506842,111091785,2025-10-01 19:10:47.014733
15507843,111091786,2025-10-01 19:10:47.048100
15508844,111091787,2025-10-01 19:10:47.081467
15509846,111091788,2025-10-01 19:10:47.114867
15510847,111091789,2025-10-01 19:10:47.148233
15511849,111091790,2025-10-01 19:10:47.181633
15512850,111091791,2025-10-01 19:10:47.215000
15513852,111091792,2025-10-01 19:10:47.248400
15514853,111091793,2025-10-01 19:10:47.281767
15515854,111091794,2025-10-01 19:10:47.315133
15516855,111091795,2025-10-01 19:10:47.348500
15517857,111091796,2025-10-01 19:10:47.381900
15518858,111091797,2025-10-01 19:10:47.415267
15519860,111091798,2025-10-01 19:10:47.448667
15520861,111091799,2025-10-01 19:10:47.482033
15521862,111091800,2025-10-01 19:10:47.515400
15522864,111091801,2025-10-01 19:10:47.548800
15523865,111091802,2025-10-01 19:10:47.582167
15524867,111091803,2025-10-01 19:10:47.615567
15525868,111091804,2025-10-01 19:10:47.648933
15526869,111091805,2025-10-01 19:10:47.682300
15527870,111091806,2025-10-01 19:10:47.715684
15528872,111091807,2025-10-01 19:10:47.749067
15529873,111091808,2025-10-01 19:10:47.782433
15530874,111091809,2025-10-01 19:10:47.815800
15531876,111091810,2025-10-01 19:10:47.849200
15532877,111091811,2025-10-01 19:10:47.882567
15533879,111091812,2025-10-01 19:10:47.915967
15534880,111091813,2025-10-01 19:10:47.949333
15535881,111091814,2025-10-01 19:10:47.982700
15536882,111091815,2025-10-01 19:10:48.016067
15537883,111091816,2025-10-01 19:10:48.049433
15538885,111091817,2025-10-01 19:10:48.082833
15539886,111091818,2025-10-01 19:10:48.116200
15540888,111091819,2025-10-01 19:10:48.149600
15541889,111091820,2025-10-01 19:10:48.182967
15542890,111091821,2025-10-01 19:10:48.216333
15543891,111091822,2025-10-01 19:10:48.249700
15544892,111091823,2025-10-01 19:10:48.283084
15545894,111091824,2025-10-01 19:10:48.316467
15546895,111091825,2025-10-01 19:10:48.349833
15547896,111091826,2025-10-01 19:10:48.383200
15548897,111091827,2025-10-01 19:10:48.416567
15549899,111091828,2025-10-01 19:10:48.449967
15550900,111091829,2025-10-01 19:10:48.483333
15551902,111091830,2025-10-01 19:10:48.516733
15552903,111091831,2025-10-01 19:10:48.550100
15553904,111091832,2025-10-01 19:10:48.583467
15554906,111091833,2025-10-01 19:10:48.616867
15555907,111091834,2025-10-01 19:10:48.650233
15556908,111091835,2025-10-01 19:10:48.683600
15557909,111091836,2025-10-01 19:10:48.716967
15558911,111091837,2025-10-01 19:10:48.750367
15559912,111091838,2025-10-01 19:10:48.783733
15560913,111091839,2025-10-01 19:10:48.817100
15561915,111091840,2025-10-01 19:10:48.850500
15562916,111091841,2025-10-01 19:10:48.883867
15563918,111091842,2025-10-01 19:10:48.917267
15564919,111091843,2025-10-01 19:10:48.950633
15565920,111091844,2025-10-01 19:10:48.984000
15566921,111091845,2025-10-01 19:10:49.017367
15567923,111091846,2025-10-01 19:10:49.050767
15568924,111091847,2025-10-01 19:10:49.084133
15569925,111091848,2025-10-01 19:10:49.117500
15570927,111091849,2025-10-01 19:10:49.150900
15571928,111091850,2025-10-01 19:10:49.184267
15572930,111091851,2025-10-01 19:10:49.217667
15573931,111091852,2025-10-01 19:10:49.251033
15574932,111091853,2025-10-01 19:10:49.284400
15575933,111091854,2025-10-01 19:10:49.317767
15576935,111091855,2025-10-01 19:10:49.351167
15577937,111091856,2025-10-01 19:10:49.384567
15578938,111091857,2025-10-01 19:10:49.417933
15579939,111091858,2025-10-01 19:10:49.451300
15580940,111091859,2025-10-01 19:10:49.484667
15581942,111091860,2025-10-01 19:10:49.518067
15582943,111091861,2025-10-01 19:10:49.551433
15583945,111091862,2025-10-01 19:10:49.584833
15584946,111091863,2025-10-01 19:10:49.618200
15585947,111091864,2025-10-01 19:10:49.651567
15586949,111091865,2025-10-01 19:10:49.684967
15587950,111091866,2025-10-01 19:10:49.718333
15588951,111091867,2025-10-01 19:10:49.751700
15589952,111091868,2025-10-01 19:10:49.785067
15590954,111091869,2025-10-01 19:10:49.818467
15591955,111091870,2025-10-01 19:10:49.851833
15592957,111091871,2025-10-01 19:10:49.885233
15593958,111091872,2025-10-01 19:10:49.918600
15594959,111091873,2025-10-01 19:10:49.951967
15595961,111091874,2025-10-01 19:10:49.985367
15596962,111091875,2025-10-01 19:10:50.018733
15597964,111091876,2025-10-01 19:10:50.052133
15598965,111091877,2025-10-01 19:10:50.085500
15599966,111091878,2025-10-01 19:10:50.118867
15600967,111091879,2025-10-01 19:10:50.152233
15601969,111091880,2025-10-01 19:10:50.185633
15602970,111091881,2025-10-01 19:10:50.219000
15603971,111091882,2025-10-01 19:10:50.252367
15604973,111091883,2025-10-01 19:10:50.285767
15605974,111091884,2025-10-01 19:10:50.319133
15606976,111091885,2025-10-01 19:10:50.352533
15607977,111091886,2025-10-01 19:10:50.385900
15608978,111091887,2025-10-01 19:10:50.419267
15609979,111091888,2025-10-01 19:10:50.452633
15610981,111091889,2025-10-01 19:10:50.486033
15611983,111091890,2025-10-01 19:10:50.519433
15612984,111091891,2025-10-01 19:10:50.552800
15613985,111091892,2025-10-01 19:10:50.586167
15614986,111091893,2025-10-01 19:10:50.619533
15615988,111091894,2025-10-01 19:10:50.652933
15616989,111091895,2025-10-01 19:10:50.686300
15617991,111091896,2025-10-01 19:10:50.719700
15618992,111091897,2025-10-01 19:10:50.753067
15619993,111091898,2025-10-01 19:10:50.786433
15620995,111091899,2025-10-01 19:10:50.819833
15621996,111091900,2025-10-01 19:10:50.853200
15622997,111091901,2025-10-01 19:10:50.886567
15623998,111091902,2025-10-01 19:10:50.919933
15625000,111091903,2025-10-01 19:10:50.953333
15626001,111091904,2025-10-01 19:10:50.986700
15627002,111091905,2025-10-01 19:10:51.020067
15628004,111091906,2025-10-01 19:10:51.053467
15629005,111091907,2025-10-01 19:10:51.086833
15630007,111091908,2025-10-01 19:10:51.120233
15631008,111091909,2025-10-01 19:10:51.153600
15632009,111091910,2025-10-01 19:10:51.186967
15633010,111091911,2025-10-01 19:10:51.220350
15634012,111091912,2025-10-01 19:10:51.253733
15635014,111091913,2025-10-01 19:10:51.287133
15636015,111091914,2025-10-01 19:10:51.320500
15637017,111091915,2025-10-01 19:10:51.353900
15638018,111091916,2025-10-01 19:10:51.387267
15639020,111091917,2025-10-01 19:10:51.420667
15640021,111091918,2025-10-01 19:10:51.454033
15641022,111091919,2025-10-01 19:10:51.487400
15642023,111091920,2025-10-01 19:10:51.520767
15643025,111091921,2025-10-01 19:10:51.554167
15644027,111091922,2025-10-01 19:10:51.587567
15645028,111091923,2025-10-01 19:10:51.620933
15646029,111091924,2025-10-01 19:10:51.654300
15647031,111091925,2025-10-01 19:10:51.687700
15648032,111091926,2025-10-01 19:10:51.721067
15649033,111091927,2025-10-01 19:10:51.754433
15650035,111091928,2025-10-01 19:10:51.787833
